A_ball,A_rad,abs_tol,c_ball,c_rad,cache_A,cache_A_exact_contained,cache_A_radius,cache_A_radius_contains_A_ball,cache_A_radius_overlaps_A_ball,cutoff,dps,elapsed_seconds,full_mu_ball,full_mu_rad,k,kind,lam,n_sum,retained_mu_ball,retained_mu_rad,tail_mu_bound
[0.0985657295010149243572564415967387451629370262771899877277240722848589245904119809560701739637891490846292663 +/- 5.44e-110],1.012825781654263569201057009123678782676e-110,1e-110,[0.0985657295010149243572564415967387451629370262771899877277240722848589245904119809560701739637891490846292663 +/- 5.44e-110],1.012825777936575330945711467218369374721e-110,,,,,,6,160,0.6039930999977514,[0.0985657295010149243572564415967387451629370262771899877277240722848589245904119809560701739637891490846292663 +/- 5.44e-110],1.012825776697345918193929619916599572069e-110,0,acb_coefficient_enclosure,-25.0,50,[0.0985657295010149243572564415967387451629370262771899877277240722848589245904119809560701739637891490846292663 +/- 5.44e-110],1.012825775458116505442147772614829769418e-110,1.5287676757231404989727027841250513884792410398823496141539085860517390053028331e-3381
[0.00037094417853815192681523194180968112580854008112605860628205621761619914955118256302274091348121818717746646 +/- 2.73e-111],1.731159165476218641323349048252914387669e-111,1e-110,[0.00037094417853815192681523194180968112580854008112605860628205621761619914955118256302274091348121818717746646 +/- 2.73e-111],1.731159156181998045684985193489640867782e-111,,,,,,6,160,0.5434387999994215,[0.00074188835707630385363046388361936225161708016225211721256411243523239829910236512604548182696243637435493292 +/- 5.45e-111],3.462318306167849027611061150470432722306e-111,1,acb_coefficient_enclosure,-25.0,50,[0.00074188835707630385363046388361936225161708016225211721256411243523239829910236512604548182696243637435493292 +/- 5.45e-111],3.462318299971701963852151913961583709047e-111,1.8345212108677685987672433409500616661750892478588195369846903032620868063633998e-3380
[1.347666699515866917603476541465168571519529635590076257862100450691082874378889898239889272348438296101971e-6 +/- 4.60e-112],1.154714892351577974302856305620112603939e-112,1e-110,[6.738333497579334588017382707325842857597648177950381289310502253455414371894449491199446361742191480509857e-7 +/- 8.56e-113],5.773574442394930297267690164010409853264e-113,,,,,,6,160,0.4803187000215985,[1.617200039419040301124171849758202285823435562708091509434520540829299449254667877887867126818125955322366e-5 +/- 5.26e-111],1.38565786152767297352506371198086160484e-111,2,acb_coefficient_enclosure,-25.0,50,[1.617200039419040301124171849758202285823435562708091509434520540829299449254667877887867126818125955322366e-5 +/- 5.26e-111],1.385657859978636207585336402853649351525e-111,3.9625658154743801733372456164521331989381927753750501998869310550461075017449435e-3379
[4.74238623780012820574307465877700916394048406057622613669910390736212123302522459082772085047089067360366e-9 +/- 6.22e-114],5.303334164602909396392779632058147711251e-114,1e-110,[7.9039770630002136762384577646283486065674734342937102278318398456035353883753743180462014174514844560061e-10 +/- 1.04e-114],8.838890269295744938194582885698435464994e-115,,,,,,6,160,0.5852774000086356,[5.6908634853601538468916895905324109967285808726914713640389246888345454796302695089932650205650688083244e-7 +/- 1.33e-111],6.364000974287939786575425921561593453783e-112,3,acb_coefficient_enclosure,-25.0,50,[5.6908634853601538468916895905324109967285808726914713640389246888345454796302695089932650205650688083244e-7 +/- 1.33e-111],6.364000966542755956876789375925532187211e-112,1.0189454954076977588581488728019771082983924279535843371137822712975705004486998e-3377
[1.6206569187488702446243623214278742666027471674243556774574312247969470180593865868345718298614166486860e-11 +/- 4.05e-115],1.949952009901608143641754215865593389396e-115,1e-110,[6.752737161453626019268176339282809444178113197601481989405963436653945908580777445144049291089236036192e-13 +/- 5.02e-116],8.124800029438487967741567433401874413154e-117,,,,,,6,160,0.6264860999945085,[2.7227036234981020109689286999988287678926152412729175381284844576588709903397694658820806741671799697924e-8 +/- 7.77e-112],3.275919360781278529903750403305383989169e-112,4,acb_coefficient_enclosure,-25.0,50,[2.7227036234981020109689286999988287678926152412729175381284844576588709903397694658820806741671799697924e-8 +/- 7.77e-112],3.275919356908686615054432130487353355883e-112,2.8530473871415537248028168438455359032354987982700361439185903596331974012563593e-3376
[5.39002095767596845107338072955410787715179904761499427037304645314605351247235508171809706518620739525e-14 +/- 9.41e-117],6.122222749204379091196248384172405941354e-117,1e-110,[4.491684131396640375894483941295089897626499206345828558644205377621711260393629234765080887655172829375e-16 +/- 7.85e-119],5.101852286694925887696863622456170595296e-119,,,,,,6,160,0.5242499000160024,[1.629942337601212859604590332617162222050704031998774267360809247431366582171640176711552552512309116324e-9 +/- 4.86e-112],1.851360151304110508047815900922167930787e-112,5,acb_coefficient_enclosure,-25.0,50,[1.629942337601212859604590332617162222050704031998774267360809247431366582171640176711552552512309116324e-9 +/- 4.86e-112],1.851360149367814550623156764513152614143e-112,8.4035213948533036985101150673268512058936510058135610057238479683741450727914583e-3375
[1.74769687527233837887945589158193369394817985060938979333053872333865474999987870508062625826074234511e-16 +/- 5.99e-118],1.699225675553803737220756459053924227417e-118,1e-110,[2.42735677121158108177702207164157457492802757029081915740352600463702048611094264594531424758436436821e-19 +/- 6.66e-121],2.360035652236213544473873680819947984806e-121,,,,,,6,160,0.6011528999952134,[1.16270777718118127670092441555162884790984509101341484170694080186274023207991930491603903709570666736e-10 +/- 3.50e-112],1.130460851125172651384856116172855498961e-112,6,acb_coefficient_enclosure,-25.0,50,[1.16270777718118127670092441555162884790984509101341484170694080186274023207991930491603903709570666736e-10 +/- 3.50e-112],1.130460849188876693960196979763840182318e-112,2.5598419018168525112384658205087946750260659986939770448204952272893549606349365e-3373
[5.5331635481756235559323438993539794576292070169121566208316709104656739474064400192594983278476859494e-19 +/- 5.10e-120],4.26060290738881493975186685552665506355e-120,1e-110,[1.0978499103523062610976872816178530669899220271651104406412045457273162594060396863610115729856519741e-22 +/- 2.29e-123],8.453577170141342577553374356052773140654e-124,,,,,,6,160,0.8745003000076395,[9.570867917858724982155741348341760179286052994949430847437924460617969265699446681633693523631322122e-12 +/- 2.05e-112],7.369684102414937222605019024839722930324e-113,7,acb_coefficient_enclosure,-25.0,50,[9.570867917858724982155741348341760179286052994949430847437924460617969265699446681633693523631322122e-12 +/- 2.05e-112],7.369684092733457435481723342794646347108e-113,7.986706733668579835064013359987439386081325915925208379839945109142787477181002e-3372
[1.712690296336691317507439613489729537808214379833258007117009432321693617538367935940338155115259973e-21 +/- 5.33e-121],9.79725262897339054602020352309564013295e-122,1e-110,[4.247743790517587593024403803297940321944976140459469263683059107940708376831269682391711694234275726e-26 +/- 6.34e-126],2.429874150846305841352152476974427893797e-126,,,,,,6,160,0.6934377999859862,[8.88746508270561719774852552328708868192178112840066511840347147405281537303221827929462770911362521e-13 +/- 5.04e-112],5.083974617989374510914025889770214477659e-113,8,acb_coefficient_enclosure,-25.0,50,[8.88746508270561719774852552328708868192178112840066511840347147405281537303221827929462770911362521e-13 +/- 5.04e-112],5.083974613148634617352378048747676186051e-113,2.5369539036359018299615101261136572167552447027056544265373943287865324927516124e-3370
[5.18892824946322871572418641297573252944749721881041237460235112278323550212621129186184311584561679e-24 +/- 4.43e-123],2.089284907465102237773189149493030970999e-123,1e-110,[1.429929522008164879774081352782113241139632170086643621748884237980388972146773393921363292505957007e-29 +/- 7.60e-129],5.757509090555886013072838627275832375662e-129,,,,,,6,160,0.5899172000063118,[9.15494317274928231359200882605856163423008367868446691541409911496779238619420254955859421246711518e-14 +/- 8.10e-113],3.686172470478335307471840464798850408124e-113,9,acb_coefficient_enclosure,-25.0,50,[9.15494317274928231359200882605856163423008367868446691541409911496779238619420254955859421246711518e-14 +/- 8.10e-113],3.686172465637595413910192623776312116516e-113,8.1716620475009048417707589325345169297589987266097921528467648906176730819157199e-3369
[1.54031134636282640333073672347719207031870103951542576331575707000955196347173035508682207540673079e-26 +/- 5.94e-125],4.167824144119160145904028980165156009693e-125,1e-110,[4.2446851476047905735525152212224208287001241168304281396488014495413138323184809167956957545379486e-33 +/- 2.20e-131],1.14854060375012269703420919335236196919e-131,,,,,,6,160,0.6489827999903355,[1.03269030196852525612882961820749081374422844088675651404482002879699373896527851933226655961152420e-14 +/- 4.33e-113],2.79428672791562911689005781240290341519e-113,10,acb_coefficient_enclosure,-25.0,50,[1.03269030196852525612882961820749081374422844088675651404482002879699373896527851933226655961152420e-14 +/- 4.33e-113],2.794286723074889223328409971380365123582e-113,2.6616270669002947198910471951683855142643595852386180154986605643726135181096916e-3367
[4.4839733798527654646357341338511349527524598828348900227061489353836313020486726565712098498103779e-29 +/- 9.37e-127],7.831497840895107942693012197598643441683e-127,1e-110,[1.1233298710950691099075412191987170696930765699742689851656818520982722317542169353683686692847067e-36 +/- 5.87e-134],1.961955317439015823798958910153338074739e-134,,,,,,6,160,0.5712649000051897,[1.2626235926451839005882549831566924857678135710581762942598275824598047445638929228125773584085400e-15 +/- 5.88e-113],2.205239200347576033942538998140780139042e-113,11,acb_coefficient_enclosure,-25.0,50,[1.2626235926451839005882549831566924857678135710581762942598275824598047445638929228125773584085400e-15 +/- 5.88e-113],2.205239197927206087161715077629510993238e-113,8.7486524459853165575549203458578236903645906366973705205086408115899818247431603e-3366
[1.281131579926758693630591548358591785032456192153524558810578146443424303335841815529899553812088e-31 +/- 4.35e-128],1.393996798491194507355810158739693862062e-128,1e-110,[2.674587266361445752228367396598658094320470311901932183129614069020697015074358447925642740675788e-40 +/- 6.50e-137],2.910213227801577813930830173820176248094e-137,,,,,,6,160,0.4894342999905348,[1.659443394710032972724594208543151833936945818595392743503705314129694169090262818685854862418229e-16 +/- 5.97e-113],1.805637138689439652612175076901585945438e-113,12,acb_coefficient_enclosure,-25.0,50,[1.659443394710032972724594208543151833936945818595392743503705314129694169090262818685854862418229e-16 +/- 5.97e-113],1.805637136269069705831351156390316799634e-113,2.8975536901103368438621896185481112062487524188741691163924618367986019803549347e-3364
[3.59517597004791081961464329342723849012130209456582708116587810563901137422386543528012342075757e-34 +/- 3.58e-130],2.361592271422627933482864655047250321445e-130,1e-110,[5.77350885040870719367862605088333491694985520935762263900881478609965679611005223441701595208670e-44 +/- 8.26e-140],3.792491364413996345497904720252175243989e-140,,,,,,6,160,0.5397171000076924,[2.32840682010871672881570661695683591741696531291427277901003570553147146867448613944013110852716e-17 +/- 2.83e-113],1.529479380468025760958411350408895692692e-113,13,acb_coefficient_enclosure,-25.0,50,[2.32840682010871672881570661695683591741696531291427277901003570553147146867448613944013110852716e-17 +/- 2.83e-113],1.529479378047655814177587429897626546888e-113,9.658512300367789479540632061827037354162508062913897054641539455995339934516449e-3363
[9.9159324903025838532547593306471828231119682889580832517610715067092286717665468116756200073924e-37 +/- 6.89e-132],3.822952226972917724373919024404179155518e-132,1e-110,[1.13743138960523509931504132655529531910714582679937677555224568415367479372738001220143438730219e-47 +/- 6.78e-143],4.385211221164302869236833012939477766725e-143,,,,,,6,160,0.447783099982189,[3.4678957348614148955184711476707832344707993822312355633803214581337343894262114022027906347326e-18 +/- 2.46e-113],1.33699978477985360731015802009890052375e-113,14,acb_coefficient_enclosure,-25.0,50,[3.4678957348614148955184711476707832344707993822312355633803214581337343894262114022027906347326e-18 +/- 2.46e-113],1.336999782359483660529334099587631377946e-113,3.2372668813646521979701704703778897614641233921214854955557159831818863504655132e-3361
[2.6896818864018426723233605175008331027036254787041460788094511795896817760935439145261635337512e-39 +/- 6.99e-134],5.933558298833851199552474286079235108092e-134,1e-110,[2.0568437771824878900764387526029974938712154054426996911278842009004506052179069051892309735563e-51 +/- 8.27e-146],4.537489164364876536435138023808535764343e-146,,,,,,6,160,0.4893387000192888,[5.455836940845640024150013436361568205209494790990405884114958298130323474112051358169379375396e-19 +/- 2.64e-113],1.203581973030263955031795421846028298186e-113,15,acb_coefficient_enclosure,-25.0,50,[5.455836940845640024150013436361568205209494790990405884114958298130323474112051358169379375396e-19 +/- 2.64e-113],1.203581971820078981641383461590393725284e-113,1.0902279432724828692518896680885538422479176843144615668903766085296417257696761e-3359
[7.17906706484840641227038313092155681857012466882031581193944564505933873543620918089544822472e-42 +/- 1.06e-135],8.855689186498275466016162126947715836826e-136,1e-110,[3.431218830413179749401488197424064682444190814033526565584677368366133417740608905213056176115e-55 +/- 7.50e-149],4.232556564449007662881726053492672401553e-149,,,,,,6,160,0.4614882000023499,[9.02859482549269035422998839883170157875510118658761655124621180160413110170130713332074879974e-20 +/- 1.78e-113],1.113716146829926774577617568648431094341e-113,16,acb_coefficient_enclosure,-25.0,50,[9.02859482549269035422998839883170157875510118658761655124621180160413110170130713332074879974e-20 +/- 1.78e-113],1.113716145619741801187205608392796521439e-113,3.6869526808851238851063905138994729937838670778634518443929099852093338362392682e-3358
[1.88652286696161314624645202646316564443671560501263333148705751745990819086801095424335126999e-44 +/- 3.18e-137],1.27415854396644976372556161812457489201e-137,1e-110,[5.30387839980793704034118987919475021769400177988300773064795749631528801524506878207633660561e-59 +/- 6.12e-152],3.582242267355198617531375196764622533243e-152,,,,,,6,160,0.4126218000019435,[1.56587886574099386202034094964549739375585134088072071919221303345426188740845801472046638704e-20 +/- 2.40e-113],1.057595408872001454922078291233930335383e-113,17,acb_coefficient_enclosure,-25.0,50,[1.56587886574099386202034094964549739375585134088072071919221303345426188740845801472046638704e-20 +/- 2.40e-113],1.057595407661816481531666330978295762481e-113,1.2514570813975791930018262658607354047472097395719373688967934464081967421292145e-3356
[4.8830815182255202703517628325946492332414755085507417066065660089140814526330816012915173122e-47 +/- 3.33e-139],1.77127335222804584342409575836896462752e-139,1e-110,[7.6269860877642656805246957871111201871646852874939336545288520281156893589769912001067615794e-63 +/- 5.53e-155],2.766588497727324787079322160666073791609e-155,,,,,,6,160,0.49017589999129996,[2.8371879281677226907825225612712177953590230854237956292277683380261035679944905862497344205e-21 +/- 4.46e-113],1.029152455646106070428429316979706441087e-113,18,acb_coefficient_enclosure,-25.0,50,[2.8371879281677226907825225612712177953590230854237956292277683380261035679944905862497344205e-21 +/- 4.46e-113],1.029152454435921097038017356724071868185e-113,4.2617187096241886031954083648230448918418493834071380670539452499306159326562438e-3355
[1.2455467883601584063942717221453988205913642678434203264984561584357697672478491975955305454e-49 +/- 3.87e-141],2.383759385506116412770367822411699420777e-141,1e-110,[1.0239185829713252611580271054467573661834937802904671332107364525062264848625989332920685457e-66 +/- 4.20e-158],1.959601641648487758622509036558836166958e-158,,,,,,6,160,0.5223248999973293,[5.355325773383557232152313551949170955660403287417849673521293442912332395520584385041649249e-22 +/- 2.58e-113],1.024915975631977935964105940097963337188e-113,19,acb_coefficient_enclosure,-25.0,50,[5.355325773383557232152313551949170955660403287417849673521293442912332395520584385041649249e-22 +/- 2.58e-113],1.024915974421792962573693979842328764286e-113,1.455540851594722876783662549216486101521370097102130232132270531514764210845671e-3353
[3.132157916605137677614840866109208361926471814239029806142169326664717232370006568705004097e-52 +/- 5.66e-143],3.111087086715045553479616441354186787537e-143,1e-110,[1.287416388361881136140933376311009189785211912635064903072048211399261024535453094718750243e-70 +/- 3.95e-161],1.278755603993117391968242995150377133612e-161,,,,,,6,160,0.4178941000136547,[1.050422707168269759441111101724221390069271317971662539362174814335305957118915764017966023e-22 +/- 1.83e-113],1.043356236934372848071570946218093415411e-113,20,acb_coefficient_enclosure,-25.0,50,[1.050422707168269759441111101724221390069271317971662539362174814335305957118915764017966023e-22 +/- 1.83e-113],1.043356235724187874681158985962458842509e-113,4.9843398918024168756201517539023085037463502837350996241797751859676315903105416e-3352
[7.76813043127491022796421799934975741761585631397970515450952867785676472774898930927693800e-55 +/- 5.57e-145],3.943772950529310275254061432134256402569e-145,1e-110,[1.52045159104079958116484653501685735139652732908342394476666427368070046889662118132003006e-74 +/- 4.43e-164],7.719123515058901578591585889942657253918e-165,,,,,,6,160,0.42981579998740926,[2.13624378715942324771020430939728579967292643476928400347439057838639476109251011665540082e-23 +/- 4.55e-113],1.084541573857998269752572130001890159238e-113,21,acb_coefficient_enclosure,-25.0,50,[2.13624378715942324771020430939728579967292643476928400347439057838639476109251011665540082e-23 +/- 4.55e-113],1.084541572647813296362160169746255586336e-113,1.7109036465814807693989172066883272910533983764634900105324065522065637737903161e-3350
[1.90081502956157345526757222443781233544572843800763869072198695663073627264542277445773619e-57 +/- 7.07e-147],4.862610141281993135305179337201579193589e-147,1e-110,[1.69111547936440887261714944284958209727045160032145467575283279331315211045167148576257831e-78 +/- 5.93e-168],4.326162807368139757110654252236804323847e-168,,,,,,6,160,0.4306767999951262,[4.4954442084791496097159292318068853208077358626368374199684620788529361127063017108296928e-24 +/- 5.79e-113],1.150011557101932068513883584129038870082e-113,22,acb_coefficient_enclosure,-25.0,50,[4.4954442084791496097159292318068853208077358626368374199684620788529361127063017108296928e-24 +/- 5.79e-113],1.15001155589174709512347162387340429718e-113,5.8855085442402938467322751910078458812236904150344056362314785395905793818386875e-3349
[0.0839312266785836386621473734050437978161502973837158796361381505091257883603990811567366362203370328724650371 +/- 5.49e-110],3.322897441651544022175689048781637288789e-110,1e-110,[0.0839312266785836386621473734050437978161502973837158796361381505091257883603990811567366362203370328724650371 +/- 5.49e-110],3.322897426780791069154306881160399656969e-110,,,,,,6,160,0.48504649999085814,[0.0839312266785836386621473734050437978161502973837158796361381505091257883603990811567366362203370328724650371 +/- 5.49e-110],3.322897421823873418147179491953320446363e-110,0,acb_coefficient_enclosure,-50.0,50,[0.0839312266785836386621473734050437978161502973837158796361381505091257883603990811567366362203370328724650371 +/- 5.49e-110],3.322897416866955767140052102746241235756e-110,1.5287676757231404989727027841250513884792410398823496141539085860517390053028331e-3381
[0.0002320117141885536821574497244537773754779547788789660110509757427628500975828936507004156009540993920379227 +/- 2.86e-110],1.660069607196908808105619330812843695516e-110,1e-110,[0.0002320117141885536821574497244537773754779547788789660110509757427628500975828936507004156009540993920379227 +/- 2.86e-110],1.660069599761532331594928247002224879607e-110,,,,,,6,160,0.5227009000082035,[0.0004640234283771073643148994489075547509559095577579320221019514855257001951657873014008312019081987840758454 +/- 5.72e-110],3.320139194566147012182729104797370548607e-110,1,acb_coefficient_enclosure,-50.0,50,[0.0004640234283771073643148994489075547509559095577579320221019514855257001951657873014008312019081987840758454 +/- 5.72e-110],3.320139189609229361175601715590291338e-110,1.8345212108677685987672433409500616661750892478588195369846903032620868063633998e-3380
[6.2848329462181353956360326302094367371296851262956860788216281984215919642449218299232788073693234249949e-7 +/- 4.68e-111],1.024090129480102069024606098101264043267e-111,1e-110,[3.14241647310906769781801631510471836856484256314784303941081409921079598212246091496163940368466171249747e-7 +/- 6.89e-112],5.120450631910142685725757399234197683187e-112,,,,,,6,160,0.721010799985379,[7.5417995354617624747632391562513240845556221515548232945859538381059103570939061959079345688431881099939e-6 +/- 3.61e-110],1.228908149799590125446509004863552739988e-110,2,acb_coefficient_enclosure,-50.0,50,[7.5417995354617624747632391562513240845556221515548232945859538381059103570939061959079345688431881099939e-6 +/- 3.61e-110],1.228908148560360712694727157561782937336e-110,3.9625658154743801733372456164521331989381927753750501998869310550461075017449435e-3379
[1.6704615994540950245887125027915230030044497486911364984094000074192862404091414920400977068096743590769e-9 +/- 6.15e-113],4.436199797978829116291195120080014648067e-113,1e-110,[2.7841026657568250409811875046525383383407495811518941640156666790321437340152358200668295113494572651282e-10 +/- 7.88e-114],7.393666313828915548613165730058230108086e-114,,,,,,6,160,0.6679095000145026,[2.0045539193449140295064550033498276036053396984293637980912800089031434884909697904481172481716092308923e-7 +/- 5.38e-111],5.323439732402747493028865370778818461319e-111,3,acb_coefficient_enclosure,-50.0,50,[2.0045539193449140295064550033498276036053396984293637980912800089031434884909697904481172481716092308923e-7 +/- 5.38e-111],5.323439726206600429269956134269969448061e-111,1.0189454954076977588581488728019771082983924279535843371137822712975705004486998e-3377
[4.36116211139334075507071479850206724122520633035552602375095768332700943832944865000910627432351447986e-12 +/- 1.79e-114],1.677405385249366275190016220604074517227e-114,1e-110,[1.81715087974722531461279783270919468384383597098146917656289903471958726597060360417046094763479769994e-13 +/- 2.32e-115],6.989189076841982499453953934025541852722e-116,,,,,,6,160,0.6361065999954008,[7.32675234714081246851880086148347296525834663499728371990160890798937585639347373201529854086350432616e-9 +/- 7.43e-111],2.818041029162975539334280803600777361244e-111,4,acb_coefficient_enclosure,-50.0,50,[7.32675234714081246851880086148347296525834663499728371990160890798937585639347373201529854086350432616e-9 +/- 7.43e-111],2.818041026064902007454826185346352854615e-111,2.8530473871415537248028168438455359032354987982700361439185903596331974012563593e-3376
[1.1193954159123548779877437365794068489016614955704257396045274784516181151281322965481865291796785117e-14 +/- 5.21e-115],6.235459884801216350587379544370303534103e-116,1e-110,[9.328295132602957316564531138161723740847179129753547830037728987096817626067769137901554409830654265e-17 +/- 5.04e-117],5.196216550478233714598007379715724344426e-118,,,,,,6,160,0.45025840000016615,[3.3850517377189611510349370594161263110786243626049674365640910948376931801474720647617160642393478195e-10 +/- 3.81e-111],1.88560305697732514237617513444333963959e-111,5,acb_coefficient_enclosure,-50.0,50,[3.3850517377189611510349370594161263110786243626049674365640910948376931801474720647617160642393478195e-10 +/- 3.81e-111],1.885603053879251610496720516188915132961e-111,8.4035213948533036985101150673268512058936510058135610057238479683741450727914583e-3375
[2.826954638716581423862106147173237798728630346584576887135826764905584392303170152003716240401658018e-17 +/- 4.11e-117],2.350446903794820028559633553339178929688e-117,1e-110,[3.926325887106363088697369648851719164900875481367467898799759395702200544865514100005161445002302803e-20 +/- 7.93e-120],3.264509587706266007381433400952852467102e-120,,,,,,6,160,0.5068600999948103,[1.880716382045367289666981977591411642738183196975787311473722830156387184511453038725032340414415046e-11 +/- 2.55e-111],1.563705309182359685231627333786024903289e-111,6,acb_coefficient_enclosure,-50.0,50,[1.880716382045367289666981977591411642738183196975787311473722830156387184511453038725032340414415046e-11 +/- 2.55e-111],1.563705307633322919291900024658812649975e-111,2.5598419018168525112384658205087946750260659986939770448204952272893549606349365e-3373
[7.02917762079337402341508438866326629359687455884202005969603753228502918124639855242998056343042656e-20 +/- 8.84e-119],8.697917313676658356811648766950580143621e-119,1e-110,[1.39467809936376468718553261679826712174541161881786112295556300243750578992984098262499614353778305e-23 +/- 4.09e-122],1.725777239224046016200126424905768109088e-122,,,,,,6,160,0.5066117999958806,[1.21585653476596812627737270894337342794907346369166896738179076086443189556189704752976054200213849e-12 +/- 4.21e-111],1.504503103657130178448286346041602892227e-111,7,acb_coefficient_enclosure,-50.0,50,[1.21585653476596812627737270894337342794907346369166896738179076086443189556189704752976054200213849e-12 +/- 4.21e-111],1.504503102108093412508559036914390638912e-111,7.986706733668579835064013359987439386081325915925208379839945109142787477181002e-3372
[1.7218818216400155766739337314369173522823722187459623474104440385111067250822691027852976396480438e-22 +/- 6.63e-120],3.032420244585267419873090199196291650898e-120,1e-110,[4.270540232242102124687335643444735496732073955223120901315585412973975012604834084288932638015982e-27 +/- 5.18e-124],7.520883518826901425268479294858936393999e-125,,,,,,6,160,0.5218038999882992,[8.935161598745222590227150136232748533786049399561047877784717637537218840089309511867821946899394e-14 +/- 4.90e-111],1.573578652663312275538180906878936321924e-111,8,acb_coefficient_enclosure,-50.0,50,[8.935161598745222590227150136232748533786049399561047877784717637537218840089309511867821946899394e-14 +/- 4.90e-111],1.57357865111427550959845359775172406861e-111,2.5369539036359018299615101261136572167552447027056544265373943287865324927516124e-3370
[4.15767771321950517727806956354508050921274641648644467134103681096681613385388139986366647646597e-25 +/- 5.11e-121],9.729539911371977148982758778720446070693e-122,1e-110,[1.145744519736415668341619698948710457785699519534403844615585540941031782918287422801936308549927e-30 +/- 5.35e-127],2.681200361041053583618543961597460452898e-127,,,,,,6,160,0.45626450001145713,[7.33548458664238321630849752421193911942033634216619026783877669937920911633038269734384768874463e-15 +/- 4.49e-111],1.716604663869331513883159222274731493212e-111,9,acb_coefficient_enclosure,-50.0,50,[7.33548458664238321630849752421193911942033634216619026783877669937920911633038269734384768874463e-15 +/- 4.49e-111],1.716604660771257982003704604020306986583e-111,8.1716620475009048417707589325345169297589987266097921528467648906176730819157199e-3369
[9.9005636559304370897356524742587944925137796749677169942171046915866820758923463247691889867706e-28 +/- 3.05e-123],2.851277994887271000491799654662704244674e-123,1e-110,[2.7283299316386786512719500866012991877518131820347544626921033651859242934006686300620560479416e-34 +/- 4.20e-129],7.857357778827130706188640479364882414437e-130,,,,,,6,160,0.4413988000014797,[6.6377593696521762202709153167287519525874087847377039385451983911943256451769095258068794304599e-16 +/- 2.67e-111],1.911618144273899724866398059330764243254e-111,10,acb_coefficient_enclosure,-50.0,50,[6.6377593696521762202709153167287519525874087847377039385451983911943256451769095258068794304599e-16 +/- 2.67e-111],1.911618141175826192986943441076339736625e-111,2.6616270669002947198910471951683855142643595852386180154986605643726135181096916e-3367
[2.326080145865136849265220202365353119563256959282489408533862722795580623066493314508187165577e-30 +/- 4.21e-124],7.638192729178388681876453174727327932182e-125,1e-110,[5.827321192743749121335428196562232241971442999645486132490236498906677446755484694434892490323e-38 +/- 4.24e-132],1.913528311797995363509687774450638745249e-132,,,,,,6,160,0.5030599999881815,[6.549913261637850850390932092535928762454083234141199572394011439130945581873812573662047993805e-17 +/- 3.94e-111],2.150807210073213673224057648148046397546e-111,11,acb_coefficient_enclosure,-50.0,50,[6.549913261637850850390932092535928762454083234141199572394011439130945581873812573662047993805e-17 +/- 3.94e-111],2.150807206975140141344603029893621890917e-111,8.7486524459853165575549203458578236903645906366973705205086408115899818247431603e-3366
[5.39415013923117031311806309519576403692552603082908182255435498263742653785482275439767314080e-33 +/- 2.84e-126],1.878499109033027689205881515225537446742e-126,1e-110,[1.126123616128040138721470470076877412711257338353166632962051688895700251910395028826140276108e-41 +/- 5.56e-135],3.92169692679468826446633380930329523109e-135,,,,,,6,160,0.6012043000082485,[6.98701597780698564273334542819624572463681940476587879042620591688440353594326181138916461205e-18 +/- 6.59e-111],2.43321057861950767425936753287296305817e-111,12,acb_coefficient_enclosure,-50.0,50,[6.98701597780698564273334542819624572463681940476587879042620591688440353594326181138916461205e-18 +/- 6.59e-111],2.433210575521434142379912914618538551541e-111,2.8975536901103368438621896185481112062487524188741691163924618367986019803549347e-3364
[1.23514828645095447447688641089232199006572480008389747790818499212465118829124047269891404691e-35 +/- 8.47e-128],4.264269387791248978377712608394745308544e-128,1e-110,[1.9835300477090978634227244124386448011635432470113115374661748233194454534201017486546922196e-45 +/- 2.21e-137],6.848008886025135622016677625177466273009e-138,,,,,,6,160,0.603009500016924,[7.9994073112912786272190116703063808462696743647880340898822808821625331902721757728027665820e-19 +/- 7.09e-111],2.761743499929397912214649707913158111248e-111,13,acb_coefficient_enclosure,-50.0,50,[7.9994073112912786272190116703063808462696743647880340898822808821625331902721757728027665820e-19 +/- 7.09e-111],2.761743496831324380335195089658733604619e-111,9.658512300367789479540632061827037354162508062913897054641539455995339934516449e-3363
[2.793604885606922007059610602152579250780056627453309028784035548882664664664355156299424789e-38 +/- 5.75e-129],8.98434382432603585175101407349001729563e-130,1e-110,[3.204473094337185181096564785789904598153051005722522155589160652053093539718699093174499834e-49 +/- 1.69e-140],1.030571220392232884346371367097323199038e-140,,,,,,6,160,0.5153771999757737,[9.770064970852407748960715049940531397651364967830063206004433438592616771460335901218983164e-20 +/- 7.53e-111],3.142091527567854243410778510578952180818e-111,14,acb_coefficient_enclosure,-50.0,50,[9.770064970852407748960715049940531397651364967830063206004433438592616771460335901218983164e-20 +/- 7.53e-111],3.142091524469780711531323892324527674189e-111,3.2372668813646521979701704703778897614641233921214854955557159831818863504655132e-3361
[6.24312809810860148430221112886472018071471380310706107007234440575552681850025893225058534e-41 +/- 4.20e-131],1.766159386771207871434300052377897015323e-131,1e-110,[4.77422227649613262458793650443771654681138003548224405517470875880586719468394361940310306e-53 +/- 6.21e-143],1.350610994326611672190142835517859771651e-143,,,,,,6,160,0.6729185000003781,[1.266376112219668326027564463924357341279377088881304627401644659232207562757884804657773075e-20 +/- 3.70e-111],3.582534278539192169712311981636434020276e-111,15,acb_coefficient_enclosure,-50.0,50,[1.266376112219668326027564463924357341279377088881304627401644659232207562757884804657773075e-20 +/- 3.70e-111],3.582534272343045105953402745127585007018e-111,1.0902279432724828692518896680885538422479176843144615668903766085296417257696761e-3359
[1.37899652469812890184666180791018253164537008550094917796251363793850145992965498303707994e-43 +/- 8.15e-133],3.255629069064914439029814098447352306726e-133,1e-110,[6.5908826312356882080766121581107880389252709084077821140451613081672287733947107878019902e-57 +/- 5.34e-146],1.55602052990397514528975287482993793358e-146,,,,,,6,160,0.5287733000004664,[1.73426446288879082210279318616498446025271043286830633417230790240001253197371676173930304e-21 +/- 5.07e-111],4.094369832184057941256737302411774616988e-111,16,acb_coefficient_enclosure,-50.0,50,[1.73426446288879082210279318616498446025271043286830633417230790240001253197371676173930304e-21 +/- 5.07e-111],4.09436982598791087749782806590292560373e-111,3.6869526808851238851063905138994729937838670778634518443929099852093338362392682e-3358
[3.0114230770537096539860740794099236723709793731846992105317608086786399806516948404021354e-46 +/- 8.19e-135],5.65385863323726845154368630925295891086e-135,1e-110,[8.466487255886162154207492856919318380032045464091080683287510131179106527370713293174216e-61 +/- 4.52e-149],1.589558181863788285191733120383935252234e-149,,,,,,6,160,0.5714803999871947,[2.4995847305884088319212312893375417250691008081212205479036477855169421570082826219278554e-22 +/- 9.08e-111],4.692897104511799276478282326766883220996e-111,17,acb_coefficient_enclosure,-50.0,50,[2.4995847305884088319212312893375417250691008081212205479036477855169421570082826219278554e-22 +/- 9.08e-111],4.692897098315652212719373090258034207738e-111,1.2514570813975791930018262658607354047472097395719373688967934464081967421292145e-3356
[6.50346304909342929069910008429745034977392757350991230516262855978429827789045298785688e-49 +/- 4.88e-136],9.292367172578228365740700680522556101589e-137,1e-110,[1.015789353763431189957275725442608105559141033093265466151156401518779575455097783443987e-64 +/- 4.34e-152],1.45139405514281521243429798241458920857e-152,,,,,,6,160,0.4181529000052251,[3.778668610242226327531114790482481946519440481530536810538013717294651334824676188377395e-23 +/- 8.28e-111],5.399089012380533371645777775125004486536e-111,18,acb_coefficient_enclosure,-50.0,50,[3.778668610242226327531114790482481946519440481530536810538013717294651334824676188377395e-23 +/- 8.28e-111],5.399089006184386307886868538616155473278e-111,4.2617187096241886031954083648230448918418493834071380670539452499306159326562438e-3355
[1.38928662288455936661414041511471239857385153992752763308991461563704956958044316458637e-51 +/- 3.04e-138],1.451830627355054845936881125347997674058e-138,1e-110,[1.14208185797484918424038863727437169687253514047800097790284496264731621075585235560578e-68 +/- 4.96e-155],1.19349700003146953979791607060638944416e-155,,,,,,6,160,0.4505790999974124,[5.97334642719124605173722524162835083915416306620740087296913032904616249423695611022043e-24 +/- 7.51e-111],6.242259230133844565929503659743110146161e-111,19,acb_coefficient_enclosure,-50.0,50,[5.97334642719124605173722524162835083915416306620740087296913032904616249423695611022043e-24 +/- 7.51e-111],6.242259223937697502170594423234261132903e-111,1.455540851594722876783662549216486101521370097102130232132270531514764210845671e-3353
[2.9364138636133569441750353776636909853993742064677147927525760062435467145143331316238e-54 +/- 6.12e-140],2.166055683210099346843822708708700940644e-140,1e-110,[1.2069593652948144723999748325494248311614874561324089500695365817229675173661117506695e-72 +/- 3.68e-158],8.903176787084425963826989448919063060285e-159,,,,,,6,160,0.38607770000817254,[9.847765924032214207845226629412639255687887427039979429056936529474813271893794549313e-25 +/- 4.07e-110],7.264237989972198701897495875871649150795e-111,20,acb_coefficient_enclosure,-50.0,50,[9.847765924032214207845226629412639255687887427039979429056936529474813271893794549313e-25 +/- 4.07e-110],7.264237977579904574379677402853951124279e-111,4.9843398918024168756201517539023085037463502837350996241797751859676315903105416e-3352
[6.142135759891298021644754776816539510517409201400035335486458634965186940679623789783e-57 +/- 7.71e-142],3.10031092394519160144747004817578087286e-142,1e-110,[1.2021966123170027506166925436863830730819118369284754566965068999226990112050301870587e-76 +/- 6.17e-162],6.068220285694266388061711057578943552556e-162,,,,,,6,160,0.4655342999903951,[1.689093595047176071232413321969852419802260040827089301683481688590377721091984310354e-25 +/- 2.40e-110],8.525886599445132095026445348447805063617e-111,21,acb_coefficient_enclosure,-50.0,50,[1.689093595047176071232413321969852419802260040827089301683481688590377721091984310354e-25 +/- 2.40e-110],8.525886587052837967508626875430107037101e-111,1.7109036465814807693989172066883272910533983764634900105324065522065637737903161e-3350
[1.271720897327884639996466566176760010870701225721565806064522458662412721037241320409e-59 +/- 4.36e-144],4.277896798917342760889389428430086238788e-144,1e-110,[1.131423553294624333122586478563512871887633795776793718604895615249443699889127192395e-80 +/- 5.22e-165],3.805955529095613210735976472587218556549e-165,,,,,,6,160,0.5825027000100818,[3.00763107076924341847916645990898799395167769853595240842801953460061529109309595429e-26 +/- 2.96e-110],1.011726337319270188346130878954766254241e-110,22,acb_coefficient_enclosure,-50.0,50,[3.00763107076924341847916645990898799395167769853595240842801953460061529109309595429e-26 +/- 2.96e-110],1.011726336080040775594349031652996451589e-110,5.8855085442402938467322751910078458812236904150344056362314785395905793818386875e-3349
[0.06728671146053304508962307870413714845552597315807931150692732451198171669098312041297077623791055349387647644 +/- 4.26e-111],2.160732378128207543047465381254104707455e-111,1e-110,[0.06728671146053304508962307870413714845552597315807931150692732451198171669098312041297077623791055349387647644 +/- 4.26e-111],2.160732368833986947409101526490831187568e-111,,,,,,6,160,0.8420530000003055,[0.06728671146053304508962307870413714845552597315807931150692732451198171669098312041297077623791055349387647644 +/- 4.26e-111],2.160732365735913415529646908236406680939e-111,0,acb_coefficient_enclosure,-100.0,50,[0.06728671146053304508962307870413714845552597315807931150692732451198171669098312041297077623791055349387647644 +/- 4.26e-111],2.16073236263783988365019228998198217431e-111,1.5287676757231404989727027841250513884792410398823496141539085860517390053028331e-3381
[0.0001206459270906446485096427071282713804250370723966195367840690695810451963568481883446805591687396442127364 +/- 3.42e-110],1.019933969345843058330851930865673678277e-110,1e-110,[0.0001206459270906446485096427071282713804250370723966195367840690695810451963568481883446805591687396442127364 +/- 3.42e-110],1.019933965628154820075506388960364270322e-110,,,,,,6,160,0.9108293000026606,[0.0002412918541812892970192854142565427608500741447932390735681381391620903927136963766893611183374792884254728 +/- 6.84e-110],2.03986792877785081464744908331718893534e-110,1,acb_coefficient_enclosure,-100.0,50,[0.0002412918541812892970192854142565427608500741447932390735681381391620903927136963766893611183374792884254728 +/- 6.84e-110],2.039867926299391989143885388713649330037e-110,1.8345212108677685987672433409500616661750892478588195369846903032620868063633998e-3380
[2.1437847099349673246495769060152013232872547619618836347890725824001014007738615088763266431971925424385e-7 +/- 4.28e-111],1.471919522682257456649077736749954149505e-111,1e-110,[1.0718923549674836623247884530076006616436273809809418173945362912000507003869307544381633215985962712192e-7 +/- 4.34e-111],7.359597582430551964450842501205525681236e-112,,,,,,6,160,0.6357539999880828,[2.5725416519219607895794922872182415879447057143542603617468870988801216809286338106515919718366310509262e-6 +/- 5.13e-110],1.766303416065644233212856658384016755542e-110,2,acb_coefficient_enclosure,-100.0,50,[2.5725416519219607895794922872182415879447057143542603617468870988801216809286338106515919718366310509262e-6 +/- 5.13e-110],1.766303413587185407709292963780477150239e-110,3.9625658154743801733372456164521331989381927753750501998869310550461075017449435e-3379
[3.77640322628588060007914387998948527584698366062414603906109741492029744226912703494878979422805650068e-10 +/- 2.87e-112],2.156549816211309855641454449812868849433e-112,1e-110,[6.29400537714313433346523979998247545974497276770691006510182902486716240378187839158131632371342750113e-11 +/- 5.75e-113],3.594249675936136816343048665938807679826e-113,,,,,,6,160,0.6363177000021096,[4.53168387154305672009497265598738233101638039274897524687331689790435693072295244193854775307366780082e-8 +/- 7.44e-110],2.58785976024551592911712670659801067822e-110,3,acb_coefficient_enclosure,-100.0,50,[4.53168387154305672009497265598738233101638039274897524687331689790435693072295244193854775307366780082e-8 +/- 7.44e-110],2.587859757767057103613563011994471072916e-110,1.0189454954076977588581488728019771082983924279535843371137822712975705004486998e-3377
[6.5967190696696398835085988192283356467697620725619566865952351455561980243345584784193934240016415759e-13 +/- 5.99e-114],2.991478370006922635190656176312754981058e-114,1e-110,[2.7486329456956832847952495080118065194874008635674819527480146439817491768060660326747472600006839900e-14 +/- 4.17e-115],1.246449317684694396458575593631266208508e-115,,,,,,6,160,0.8829697000037413,[1.10824880370449950042944460163036038865732002819040872334799950445344126808820582437445809523227578476e-9 +/- 8.80e-111],5.025683637407930559312063171092736910137e-111,4,acb_coefficient_enclosure,-100.0,50,[1.10824880370449950042944460163036038865732002819040872334799950445344126808820582437445809523227578476e-9 +/- 8.80e-111],5.025683631211783495553153934583887896879e-111,2.8530473871415537248028168438455359032354987982700361439185903596331974012563593e-3376
[1.142979085861280147348335923384093157702000277208693567600241347806569248892792808852958348460240412e-15 +/- 5.00e-115],3.09169071756537827981808360178181122424e-115,1e-110,[9.52482571551066789456946602820077631418333564340577973000201123172141040743994007377465290383533677e-18 +/- 7.50e-117],2.576408928152958531644205188319127653268e-117,,,,,,6,160,0.7713809999986552,[3.45636875564451116558136783231349770889084883827908934842312983576706540865180545397134604574376701e-11 +/- 5.63e-110],9.349272705508273004885275573432047806668e-111,5,acb_coefficient_enclosure,-100.0,50,[3.45636875564451116558136783231349770889084883827908934842312983576706540865180545397134604574376701e-11 +/- 5.63e-110],9.349272693115978877367457100414349780152e-111,8.4035213948533036985101150673268512058936510058135610057238479683741450727914583e-3375
[1.9647399797161426313101813239881828198803074259418760644821068556024966137247044202852064829386853e-18 +/- 5.68e-116],4.129272492797233467947911267844659035049e-116,1e-110,[2.7288055273835314323752518388724761387226492026970500895584817438923564079509783615072312263037296e-21 +/- 9.55e-119],5.735100667821240526802219022195951065073e-119,,,,,,6,160,0.4269528999866452,[1.3071022137055553697580374312228582664099709243306113081786560488952289471787713567273421689694485e-12 +/- 7.36e-110],2.747122389121960670124276488157197790213e-110,6,acb_coefficient_enclosure,-100.0,50,[1.3071022137055553697580374312228582664099709243306113081786560488952289471787713567273421689694485e-12 +/- 7.36e-110],2.747122384165043019117149098950118579607e-110,2.5598419018168525112384658205087946750260659986939770448204952272893549606349365e-3373
[3.35130680158071428679239569744888648143522042020177023846146831553244652643018251624206287051871e-21 +/- 2.19e-117],6.761481495091897002077026514024213917803e-118,1e-110,[6.64941825710459183887380098700175889173654845278129015567751649907231453656782245286123585420379e-25 +/- 4.65e-121],1.341563785216573712683128508323909157102e-121,,,,,,6,160,0.43565359999774955,[5.79684921128460576186483702495686751575998094699476763103347866648930766526902674345435092489658e-14 +/- 5.78e-110],1.16955237958514712423254130545607103994e-110,7,acb_coefficient_enclosure,-100.0,50,[5.79684921128460576186483702495686751575998094699476763103347866648930766526902674345435092489658e-14 +/- 5.78e-110],1.169552378345917711480759458154301237288e-110,7.986706733668579835064013359987439386081325915925208379839945109142787477181002e-3372
[5.6733967180404879296668858589168776433119060318577203549912712468525382806180244952618826427208e-24 +/- 4.44e-119],9.990380501051133710206225575103366318299e-120,1e-110,[1.40709243999020037938166811977105100280553224996471238963077163860430016880407353553122089353195e-28 +/- 5.45e-124],2.477772932180142410836860585304190682082e-124,,,,,,6,160,0.47220109999761917,[2.94402994749082113168205294289177187966318497900195727425950248938272420051705628224210372194847e-15 +/- 8.17e-111],5.184192232363598223618585244780104583248e-111,8,acb_coefficient_enclosure,-100.0,50,[2.94402994749082113168205294289177187966318497900195727425950248938272420051705628224210372194847e-15 +/- 8.17e-111],5.184192226167451159859676008271255569989e-111,2.5369539036359018299615101261136572167552447027056544265373943287865324927516124e-3370
[9.533725943318764885437956222596009779043490799583114450210347334787243047120901182855710784066e-27 +/- 5.13e-121],1.352774821304251865178323859233551064094e-121,1e-110,[2.6272392921403121928565796468794118659180695545588388586338038290308760601633876716423365255913e-32 +/- 6.13e-127],3.727884748608979701441239994954266199848e-127,,,,,,6,160,0.5906116999976803,[1.6820567762654578158714001643818521819147046038856927419568112548201005708238549004443015761162e-16 +/- 5.05e-111],2.386731117038926844216991114836207950737e-111,9,acb_coefficient_enclosure,-100.0,50,[1.6820567762654578158714001643818521819147046038856927419568112548201005708238549004443015761162e-16 +/- 5.05e-111],2.386731113940853312337536496581783444108e-111,8.1716620475009048417707589325345169297589987266097921528467648906176730819157199e-3369
[1.590514453529495751594486560519482384505990665418391731937484722780645505223965064960663453879e-29 +/- 6.13e-123],1.698490642875976517773302593411668656933e-123,1e-110,[4.383031452627578680540361994376880468766508667929871395330370157574530162103078331571493204030e-36 +/- 8.84e-130],4.680584871439031033522233615672260315656e-130,,,,,,6,160,0.44580669997958466,[1.066348602299901172385677271929704674392475238735890541198415186301750742567110978369546336813e-17 +/- 3.88e-111],1.138740428241791430301435946913228729507e-111,10,acb_coefficient_enclosure,-100.0,50,[1.066348602299901172385677271929704674392475238735890541198415186301750742567110978369546336813e-17 +/- 3.88e-111],1.138740426692754664361708637786016476193e-111,2.6616270669002947198910471951683855142643595852386180154986605643726135181096916e-3367
[2.63468075160717069288034177000647166773434495994882132846430586361562267128100815799831203097e-32 +/- 3.81e-125],1.995594327483972312480414767896102342012e-125,1e-110,[6.60043077502998910954871575378404999332197210184388860946845905387110858405735970317839113098e-40 +/- 6.96e-133],4.999384512868672056320496673614018387992e-133,,,,,,6,160,0.41890910000074655,[7.41888899477942686790651091107106789777770812385736305668911700390805269083212068114994430763e-19 +/- 7.51e-112],5.619311819176174063104578144197867468901e-112,11,acb_coefficient_enclosure,-100.0,50,[7.41888899477942686790651091107106789777770812385736305668911700390805269083212068114994430763e-19 +/- 7.51e-112],5.619311811430990233405941598561806202328e-112,8.7486524459853165575549203458578236903645906366973705205086408115899818247431603e-3366
[4.3340063306615554515886914129538119766937025820298002670799071922804479303829789844975901375e-35 +/- 5.63e-127],2.210291889795654981160741977830478948378e-127,1e-110,[9.0479996949103206577779519169744150681202371391448384871363836619344234557525047609394000719e-44 +/- 7.61e-136],4.614372646554731030783681875601123614563e-136,,,,,,6,160,0.5263296999910381,[5.6138169495899465141410930445285924738968645807356484357238399941153701281131962584505383903e-20 +/- 4.67e-112],2.86298012161284045781168823070038134945e-112,12,acb_coefficient_enclosure,-100.0,50,[5.6138169495899465141410930445285924738968645807356484357238399941153701281131962584505383903e-20 +/- 4.67e-112],2.862980117740248542962369957882350716164e-112,2.8975536901103368438621896185481112062487524188741691163924618367986019803549347e-3364
[7.080669414337802450931414058522355255909536156469297113448969476029294588375251880290501257e-38 +/- 7.28e-129],2.321780451422282366200474693434768448968e-129,1e-110,[1.1370878051889279783570682883414096281659338855057778373646944420081742120365571735829919273e-47 +/- 4.27e-139],3.728557398117652630265317355759781514081e-139,,,,,,6,160,0.49723310000263155,[4.585778023838878697061582495814731824868613702754770357636096997399144753471440533826021231e-21 +/- 2.96e-112],1.503695354175679801308691861112278328343e-112,13,acb_coefficient_enclosure,-100.0,50,[4.585778023838878697061582495814731824868613702754770357636096997399144753471440533826021231e-21 +/- 2.96e-112],1.5036953522393838438840327247032630117e-112,9.658512300367789479540632061827037354162508062913897054641539455995339934516449e-3363
[1.149029525506744350802484649151287182106619369594133091531921675706949998332904097024340514e-40 +/- 2.87e-131],2.324720367831998007536679872567727682447e-131,1e-110,[1.318022537136796219747978553118608480027903287916399411522213543578782602167939828837044828e-51 +/- 7.55e-142],2.666627578433178834875952657598065276985e-142,,,,,,6,160,0.569054200022947,[4.01849709508568955324357816487544614373953774694782482147527858343314554073885484937698675e-22 +/- 4.07e-112],8.130236660347481909448404667173406897012e-113,14,acb_coefficient_enclosure,-100.0,50,[4.01849709508568955324357816487544614373953774694782482147527858343314554073885484937698675e-22 +/- 4.07e-112],8.130236650666002122325108985128330313796e-113,3.2372668813646521979701704703778897614641233921214854955557159831818863504655132e-3361
[1.85227805850685218166362640745598296046948040495287112189369092543130925447887205336297020e-43 +/- 3.43e-133],2.228033430948805516242392781122884319734e-133,1e-110,[1.41646735902592240889103854290427061461640609671479858959328544813329953904768442579350932e-55 +/- 1.92e-145],1.703813640482080193756848575299919511507e-145,,,,,,6,160,0.40404100000159815,[3.75722017812247497921554955879072113316282069519071185642460349522458697701416390629371484e-23 +/- 5.93e-113],4.519414391896903816652857833905752189124e-113,15,acb_coefficient_enclosure,-100.0,50,[3.75722017812247497921554955879072113316282069519071185642460349522458697701416390629371484e-23 +/- 5.93e-113],4.519414387056163923091209992883213897516e-113,1.0902279432724828692518896680885538422479176843144615668903766085296417257696761e-3359
[2.9664895387477236505422236451869643209248891048413207188910286782947327962475071548067e-46 +/- 5.05e-132],1.559374521411485805100982375355196983592e-132,1e-110,[1.4178269507209055286681965293685810782658513426836744798127701191847541035955305745920e-59 +/- 5.43e-145],7.452995151939637275112880098347208666122e-146,,,,,,6,160,0.715392400015844,[3.7307399217033852522030905153020200895682374796255195589796406489783406359246981543716e-24 +/- 3.46e-110],1.961112847433567561300682480627884493065e-110,16,acb_coefficient_enclosure,-100.0,50,[3.7307399217033852522030905153020200895682374796255195589796406489783406359246981543716e-24 +/- 3.46e-110],1.961112844955108735797118786024344887761e-110,3.6869526808851238851063905138994729937838670778634518443929099852093338362392682e-3358
[4.720438975126566748423851336677233576147540631181572142867213169571378526746624150079e-49 +/- 4.49e-134],2.230264363635326678429630454893473698548e-134,1e-110,[1.3271312400314921330291209755575835082965767525572645374500667517602883746165881664074e-63 +/- 6.52e-149],6.270292895884281435909870156262864048295e-149,,,,,,6,160,0.506783999997424,[3.918126706873981631341496894588338696012094873418222672983472783405746324153804456515e-25 +/- 2.47e-110],1.85119611814698095464304774210233972947e-110,17,acb_coefficient_enclosure,-100.0,50,[3.918126706873981631341496894588338696012094873418222672983472783405746324153804456515e-25 +/- 2.47e-110],1.851196115668522129139484047498800124166e-110,1.2514570813975791930018262658607354047472097395719373688967934464081967421292145e-3356
[7.46387149624245489893384989398943605816442073846305400158241073848150582961169108579e-52 +/- 6.93e-136],3.008126086596390194725713858122351478264e-136,1e-110,[1.165797536867422563565331003700583748956652908973330647503936358725664258996797736168e-67 +/- 6.71e-152],4.698454385509351809773976892455258410459e-152,,,,,,6,160,0.45270489997346886,[4.33668904102785034160885952880569989311081829876895692706209410399185833920393897134e-26 +/- 6.06e-110],1.74779367089899489465776116293378985595e-110,18,acb_coefficient_enclosure,-100.0,50,[4.33668904102785034160885952880569989311081829876895692706209410399185833920393897134e-26 +/- 6.06e-110],1.747793668420536069154197468330250250646e-110,4.2617187096241886031954083648230448918418493834071380670539452499306159326562438e-3355
[1.17280437582800096371347803613989236164404593487417213858350089901997975045706536857e-54 +/- 5.56e-138],3.838420773243280229883146751377798344942e-138,1e-110,[9.6411969893269117800304166734746985467892909668635459547383633146948393300161273705e-72 +/- 4.74e-155],3.155425698608303712317932214072506216276e-155,,,,,,6,160,0.5121291000104975,[5.0425640848688757016368084077826911563243307544276950750086224978868133368543814445e-27 +/- 4.48e-110],1.650359005518585845550162662639265502532e-110,19,acb_coefficient_enclosure,-100.0,50,[5.0425640848688757016368084077826911563243307544276950750086224978868133368543814445e-27 +/- 4.48e-110],1.650359003040127020046598968035725897228e-110,1.455540851594722876783662549216486101521370097102130232132270531514764210845671e-3353
[1.8314812318121780602585680882652608306982664954897473293692311616380954539923226774e-57 +/- 9.25e-140],4.647035173897777732960354061543149800397e-140,1e-110,[7.527969583883067786628492843441539603150819299006025799916182739688774189537600851e-76 +/- 3.07e-158],1.910079047472463937932205402820208126991e-158,,,,,,6,160,0.5882421999995131,[6.142185435315512096102456904860448680883448164206799048473392391481558266550651465e-28 +/- 2.08e-110],1.558462679445058804838888285911355772458e-110,20,acb_coefficient_enclosure,-100.0,50,[6.142185435315512096102456904860448680883448164206799048473392391481558266550651465e-28 +/- 2.08e-110],1.558462676966599979335324591307816167154e-110,4.9843398918024168756201517539023085037463502837350996241797751859676315903105416e-3352
[2.842687712566046806807641369513448878496642199466056588565270463991226274974350151e-60 +/- 8.58e-142],5.351776533402892168030109594301924278951e-142,1e-110,[5.56397590596817521378791788904462220242151742978706983006009101649778218427779380e-80 +/- 1.83e-161],1.047500062268620876541807502449032357437e-161,,,,,,6,160,0.40739780000876635,[7.81742018691490859828161709565341941683040453637461148327362632876110201932865701e-29 +/- 5.29e-110],1.471743992651702936885207601217142460333e-110,21,acb_coefficient_enclosure,-100.0,50,[7.81742018691490859828161709565341941683040453637461148327362632876110201932865701e-29 +/- 5.29e-110],1.47174399017324411138164390661360285503e-110,1.7109036465814807693989172066883272910533983764634900105324065522065637737903161e-3350
[4.38569634951554294854003800005856496634078847588951444126814364080936200968633283e-63 +/- 9.80e-144],5.876873627942651293012729670875779534116e-144,1e-110,[3.90186255322717834936611685204163517450802261307962288864583664196738071759902632e-84 +/- 5.46e-165],5.228531859803024661927416382504044118723e-165,,,,,,6,160,0.49305220000678673,[1.03722103139752888935157144585707265796624828556727345700012454025421745661320407e-29 +/- 5.10e-110],1.389885756934947946614612636765018064885e-110,22,acb_coefficient_enclosure,-100.0,50,[1.03722103139752888935157144585707265796624828556727345700012454025421745661320407e-29 +/- 5.10e-110],1.389885754456489121111048942161478459582e-110,5.8855085442402938467322751910078458812236904150344056362314785395905793818386875e-3349
