A_tail_bound,c_tail_bound,cutoff,cutoff_monotone_gate,dps,k,kind,lam,log10_A_tail_bound,log10_c_tail_bound,log10_mu_cutoff_tail_bound,log10_mu_series_tail_bound,log10_mu_total_tail_bound,mu_cutoff_tail_bound,mu_series_tail_bound,mu_total_tail_bound,n_sum
1.61047827196736513716379255595623758384135116524550349426213e-13605,1.61047827196736513716379255595623758384135116524550349426213e-13605,8.0,True,120,0,coefficient_tail_bound,0.0,-13604.7930451301602362686408451,-13604.7930451301602362686408451,-107735195702586.515939348915415,-13604.7930451301602362686408451,-13604.7930451301602362686408451,3.04832067094156306974062613219233541943085796188542395520161e-107735195702587,1.61047827196736513716379255595623758384135116524550349426213e-13605,1.61047827196736513716379255595623758384135116524550349426213e-13605,100
1.71784349009852281297471205968665342276410790959520372721294e-13604,1.71784349009852281297471205968665342276410790959520372721294e-13604,8.0,True,120,1,coefficient_tail_bound,0.0,-13603.7650164065599927298671785,-13603.7650164065599927298671785,-107735195702584.709759374931528,-13603.4639864108960115346534396,-13603.4639864108960115346534396,1.95092522940260085616096657000818409899783780370465703098969e-107735195702585,3.43568698019704562594942411937330684552821581919040745442589e-13604,3.43568698019704562594942411937330684552821581919040745442589e-13604,100
1.09941983366305460030381571819945819056902906214093038541628e-13603,5.49709916831527300151907859099729095284514531070465192708142e-13604,8.0,True,120,2,coefficient_tail_bound,0.0,-13602.9588364325761055585847451,-13603.259866428240086753798484,-107735195702582.903579400947641,-13601.8796551865284807308622394,-13601.8796551865284807308622394,1.24859214681766486252027674586465357161057479028840419296525e-107735195702583,1.31930380039566552036457886183934982868283487456911646249954e-13602,1.31930380039566552036457886183934982868283487456911646249954e-13602,100
5.0259192396025353156745861403403802997441328555013960476173e-13603,8.37653206600422552612431023390063383290688809250232674602883e-13604,8.0,True,120,3,coefficient_tail_bound,0.0,-13602.2987844942704564132282669,-13603.0769357446541000457370337,-107735195702581.097399426963754,-13600.2196032482228315855057612,-13600.2196032482228315855057612,7.99098973963305713342422327631505812835043333798624283181916e-107735195702582,6.03110308752304237880950336840845635969295942660167525714075e-13601,6.03110308752304237880950336840845635969295942660167525714075e-13601,100
1.78699350741423477890651951656546855102013612640049637248615e-13602,7.44580628089264491211049798568945229591723386000206821869229e-13604,8.0,True,120,4,coefficient_tail_bound,0.0,-13601.7478770253898753117496282,-13603.1280882671014813346858728,-107735195702579.291219452979866,-13598.5225677436640124581011674,-13598.5225677436640124581011674,5.11423343336515785389995224262230264295898091850395221761443e-107735195702580,3.00214909245591442856295278782998716571382869235283390577673e-13599,3.00214909245591442856295278782998716571382869235283390577673e-13599,100
5.19852656702322844772805677546318123933130509498326217450516e-13602,4.33210547251935703977338064621931769944275424581938514542097e-13604,8.0,True,120,5,coefficient_tail_bound,0.0,-13601.2841197322281943764311337,-13603.3633009782758192041536394,-107735195702577.485039478995979,-13596.8035379453990254529788782,-13596.8035379453990254529788782,3.27310939735370185114137701657831510512705605637780132255818e-107735195702578,1.57203443386782428259296436890006600677378666072293848157036e-13597,1.57203443386782428259296436890006600677378666072293848157036e-13597,100
1.27963730880571777174844474472939845891232125414972607372435e-13601,1.77727404000794134965061770101305341515600174187461954683937e-13604,8.0,True,120,6,coefficient_tail_bound,0.0,-13600.8929131062151251695689444,-13603.7502456026463936298002169,-107735195702575.678859505012092,-13595.06990863856375001015275,-13595.06990863856375001015275,2.09479001430636971250354214264241411217424787274179503528894e-107735195702576,8.51317108802267919188805319773574206745189083960729762327334e-13596,8.51317108802267919188805319773574206745189083960729762327334e-13596,100
2.72989292545219791306334878875605004567961867551941562394527e-13601,5.41645421716705935131616823165882945571352911809407861893904e-13605,8.0,True,120,7,coefficient_tail_bound,0.0,-13600.5638543869509004355815389,-13604.2662849233964257265250277,-107735195702573.872679531028204,-13593.3258765713287073117451005,-13593.3258765713287073117451005,1.34066560915607695377702591659198239823026852761614895037918e-107735195702574,4.72197223015657939176724017367742493341331545236884774837561e-13594,4.72197223015657939176724017367742493341331545236884774837561e-13594,100
5.13862197732178430694277419059962361539692927156595882154405e-13601,1.27445981580401396501556899568443046016788920425743026327977e-13605,8.0,True,120,8,coefficient_tail_bound,0.0,-13600.2891533300092683880530144,-13604.8946738534467372646377198,-107735195702572.066499557044317,-13591.574054259667412826921548,-13591.574054259667412826921548,8.58025989859889466593142311611513578480826769923323201761381e-107735195702573,2.66652549467665659770385327454725172710398990251417284614152e-13592,2.66652549467665659770385327454725172710398990251417284614152e-13592,100
8.65452122496300514853519863679936608908956508895319380470576e-13601,2.38495404127066940821626946560829091961242424188524961549431e-13606,8.0,True,120,9,coefficient_tail_bound,0.0,-13600.0627569526421913735206534,-13605.6225199855189851246954146,-107735195702570.26031958306043,-13589.8161789652580806886352782,-13589.8161789652580806886352782,5.49136633510329396972152343426731104759639465922774703043971e-107735195702571,1.52693670432010651489568019089863677846796895470285266136946e-13590,1.52693670432010651489568019089863677846796895470285266136946e-13590,100
1.31878418666102935596726836370276054690888610879286762738374e-13600,3.63421568193625814585336299521263378226655122572990417599133e-13607,8.0,True,120,10,coefficient_tail_bound,0.0,-13599.8798262690562046654592031,-13606.4395893019329984166339643,-107735195702568.454139609076543,-13588.0534646850552838238237555,-13588.0534646850552838238237555,3.51447445446610902607803908750184469702943352627079065588889e-107735195702569,8.84169063072975962911022434348924915531928689961270874392983e-13589,8.84169063072975962911022434348924915531928689961270874392983e-13589,100
1.83483017274577997351967772341253641309062415136398974244694e-13600,4.59663643565060318843113106113850913172053909973742820678746e-13608,8.0,True,120,11,coefficient_tail_bound,0.0,-13599.7364041267538915682582857,-13607.3375598447889103601832469,-107735195702566.647959635092655,-13586.2867932523550702634018551,-13586.2867932523550702634018551,2.24926365085831034338195403332675615818284114114448887029986e-107735195702567,5.16662269900034649631484413810850037597787895351281763123552e-13587,5.16662269900034649631484413810850037597787895351281763123552e-13587,100
2.34858262111459836610518748596804660875599891374590687033208e-13600,4.90307886469397673432653979854774307383524170638659008723996e-13609,8.0,True,120,12,coefficient_tail_bound,0.0,-13599.6291941571060232017621134,-13608.3095311211886668214095803,-107735195702564.841779661108768,-13584.5168254510256278228241668,-13584.5168254510256278228241668,1.43952873654931898244733635241767504726239635560260078286923e-107735195702565,3.04210744517140401703018022851828502137577512782834702127147e-13585,3.04210744517140401703018022851828502137577512782834702127147e-13585,100
2.78350532872841287834688887225842561037748019406922295743061e-13600,4.47004340940761411676493656847657488212899528787381432454925e-13610,8.0,True,120,13,coefficient_tail_bound,0.0,-13599.5554079429451045375785027,-13609.3496882593345849264324747,-107735195702563.035599687124881,-13582.744069232528690353854295,-13582.744069232528690353854295,9.21298391391564380883342159044101699826809630917779688055193e-107735195702564,1.8027303378793505286104771724552800126671260016760574940868e-13583,1.8027303378793505286104771724552800126671260016760574940868e-13583,100
3.07145415583824869334829116938860757007170228311086671164757e-13600,3.52318692367102590483935887170567478394403569487591276811763e-13611,8.0,True,120,14,coefficient_tail_bound,0.0,-13599.512655962524154648842655,-13610.4530643145918730636225822,-107735195702561.229419713140993,-13580.9689234922847719580196247,-13580.9689234922847719580196247,5.89630970490601352320248993626245331922124557758420585859119e-107735195702562,1.07417862891569576325479467379404271099613576927456115509724e-13581,1.07417862891569576325479467379404271099613576927456115509724e-13581,100
3.17053332215561155442404249743340136265466042127573337976523e-13600,2.4245587431714586872012792235393890986281535964737464210702e-13612,8.0,True,120,15,coefficient_tail_bound,0.0,-13599.4988676780385213524406646,-13611.6153672891619210093018808,-107735195702559.423239739157106,-13579.1917072142362013790710486,-13579.1917072142362013790710486,3.77363821113984960560101763497177876132849106703698287066623e-107735195702560,6.43121140408881076322870617600562345680267092830188872213056e-13580,6.43121140408881076322870617600562345680267092830188872213056e-13580,100
3.07445655481756271944149575508693465469542828729768085310568e-13600,1.46942954131603556800077528699356915068372945240833116428497e-13613,8.0,True,120,16,coefficient_tail_bound,0.0,-13599.512231639596502854417198,-13612.8328512333758272921333698,-107735195702557.617059765173219,-13577.412679486295929006167139,-13577.412679486295929006167139,2.41512845512950435606556269487108254308562812208038502305684e-107735195702558,3.86652225021581834977144031915004755705954518840937794688092e-13578,3.86652225021581834977144031915004755705954518840937794688092e-13578,100
2.81093170726177162920365326179376882715010586267216535141091e-13600,7.90281433985094759260921162752843912972762058438094071548219e-13615,8.0,True,120,17,coefficient_tail_bound,0.0,-13599.5511497056268725138469809,-13614.1022182207844708801033226,-107735195702555.810879791189332,-13575.6320536167844299923379552,-13575.6320536167844299923379552,1.54568221128288317730974342615074130371789037205784599176284e-107735195702556,2.33316999784451667277636627258425726871707412512017320680357e-13576,2.33316999784451667277636627258425726871707412512017320680357e-13576,100
2.43107607114531600363559201020001628294063209744619706067971e-13600,3.79714803115961445891133291412777856083008796847132286629775e-13616,8.0,True,120,18,coefficient_tail_bound,0.0,-13599.6142014513739615345867371,-13615.4205424716348659706468735,-107735195702554.004699817205444,-13573.8500073225172621823654951,-13573.8500073225172621823654951,9.8923661522104548271201710565387904580442564031095305805959e-107735195702555,1.41251372842478847216731363529425304916925568655923999547027e-13574,1.41251372842478847216731363529425304916925568655923999547027e-13574,100
1.99472908401666954144458831606155182190000582354559758825001e-13600,1.63979402155340975283620314780146982384025391350988301918391e-13617,8.0,True,120,19,coefficient_tail_bound,0.0,-13599.7001160800805547650195757,-13616.7852107012942881626160456,-107735195702552.198519843221557,-13572.0666902314928792207761441,-13572.0666902314928792207761441,6.33111433741469268445310987885701916110592438707739909118375e-107735195702553,8.57649361258948487715948381635074671905845504044174438275282e-13573,8.57649361258948487715948381635074671905845504044174438275282e-13573,100
1.55686172411057134942016649058462581221463869154778348351221e-13600,6.3991961816718429378973781377618334588887957600385678797421e-13619,8.0,True,120,20,coefficient_tail_bound,0.0,-13599.8077499584803842834602931,-13618.1938745753580988762705018,-107735195702550.39233986923767,-13570.2822295072022283375015895,-13570.2822295072022283375015895,4.05191317594540433891155858017921035769681909236373961564606e-107735195702551,5.22120196512764737887562722088084483189509848315673023886611e-13571,5.22120196512764737887562722088084483189509848315673023886611e-13571,100
1.15859477143112286468477506276065176722949856115183887145094e-13600,2.26771071775746372107105316066864530104586339226172948119321e-13620,8.0,True,120,21,coefficient_tail_bound,0.0,-13599.9360684357400648337966867,-13619.6444123473516986946141397,-107735195702548.586159895253783,-13568.4967341320781921981148325,-13568.4967341320781921981148325,2.59322443260505943025480117624988342744448632128325187778572e-107735195702549,3.18614743174301086562084786688170624160296242321006049925225e-13569,3.18614743174301086562084786688170624160296242321006049925225e-13569,100
8.23889615239909592664728933518685701140976754596863197476227e-13601,7.32997403719584233073471728700976258923915439922983266648311e-13622,8.0,True,120,22,coefficient_tail_bound,0.0,-13600.0841309711955025371043092,-13621.134897563629342633885701,-107735195702546.779979921269895,-13566.7102982162900621798036279,-13566.7102982162900621798036279,1.65966363686723845350797111115865692412451387885255249506414e-107735195702547,1.94850616270150353381968296214632346153141168637201922087604e-13567,1.94850616270150353381968296214632346153141168637201922087604e-13567,100
5.60946121014406531175985656863786009287473535044672815302963e-13601,2.16983505263891724869112815156625719570446753723732326852414e-13623,8.0,True,120,23,coefficient_tail_bound,0.0,-13600.2510788508113140254498341,-13622.663573279262747001099003,-107735195702544.973799947286008,-13564.923003586466548793559097,-13564.923003586466548793559097,1.06218472759503287785783646049126345868335680005456387102378e-107735195702545,1.19397824437879365476610360233647054664052460781945007577085e-13565,1.19397824437879365476610360233647054664052460781945007577085e-13565,100
3.66332160662469571380235531013084740759166390233255716116221e-13601,5.90431306840521700324116503827552978422984363874101569666433e-13625,8.0,True,120,24,coefficient_tail_bound,0.0,-13600.4361249525199217108055721,-13624.2288306226829607093909856,-107735195702543.167619973302121,-13563.1349218345754578192868767,-13563.1349218345754578192868767,6.79798225660821213101165702298317653511849824042453517957756e-107735195702544,7.32956440630900268068661150169000694754020004147123638350759e-13564,7.32956440630900268068661150169000694754020004147123638350759e-13564,100
2.29855473356843652630736019459190425574378911518905547367041e-13601,1.48186680932523093414680220568483884780670585442911766504516e-13626,8.0,True,120,25,coefficient_tail_bound,0.0,-13600.6385451502979521005720755,-13625.8291908291330287087300112,-107735195702541.361439999318233,-13561.3461159566609933524152086,-13561.3461159566609933524152086,4.35070864422925685998922284724680317430339392554133782248036e-107735195702542,4.50696352513432007973200268025487486029138575099094064679996e-13562,4.50696352513432007973200268025487486029138575099094064679996e-13562,100
1.38780663158848997814784011748945162610945757898207122938591e-13601,3.44120013776541290948459147909396539403589167937095539052578e-13628,8.0,True,120,26,coefficient_tail_bound,0.0,-13600.8576710415788351701363733,-13627.463290068384729742714553,-107735195702539.555260025334346,-13559.5566416761799588609305698,-13559.5566416761799588609305698,2.78445353230672509192383052786235244943980454940792028834318e-107735195702540,2.77560923510158881891419938648149274414926096061026986248209e-13560,2.77560923510158881891419938648149274414926096061026986248209e-13560,100
8.07451131106030532740561522902953673372775318680477806188163e-13602,7.41538076824870121909137557784558199388205614409902845096465e-13630,8.0,True,120,27,coefficient_tail_bound,0.0,-13601.0928837527531730396041399,-13629.1298665437180549240674034,-107735195702537.749080051350459,-13557.7665485220895264895516052,-13557.7665485220895264895516052,1.78205026067630450781091739743174679196251788206685852109532e-107735195702538,1.71179391372083441341035714889913152511896239607091552246168e-13558,1.71179391372083441341035714889913152511896239607091552246168e-13558,100
4.533058981647890710122450654893775008408563192592156104916e-13602,1.48679313649096766297571440157304902132973556773915357412825e-13631,8.0,True,120,28,coefficient_tail_bound,0.0,-13601.3436086301057584623668068,-13630.8277494524128595679697643,-107735195702535.942900077366572,-13555.9758807142838868715640721,-13555.9758807142838868715640721,1.14051216683283517234597328450036112202099140058246317784327e-107735195702536,1.05710782040304160266744862528507771375767502353853028755528e-13556,1.05710782040304160266744862528507771375767502353853028755528e-13556,100
2.45860826123275428345624442299323390286566139259235585351376e-13602,2.7806768186856204100071806458408865390152856906869032362422e-13633,8.0,True,120,29,coefficient_tail_bound,0.0,-13601.6093106634279966765587687,-13632.555849483634053869494573,-107735195702534.136720103382684,-13554.1846778962696524917109338,-13554.1846778962696524917109338,7.29927786773014694203494038172511416822709639504604242337428e-107735195702535,6.5361514047971114686963603136270567793016923489297601508503e-13555,6.5361514047971114686963603136270567793016923489297601508503e-13555,100
1.28976171081062519787868559894727024412624859939271126741706e-13602,4.86238569387649470602348528234471963106498044273119691583335e-13635,8.0,True,120,30,coefficient_tail_bound,0.0,-13601.8894905201188577343758227,-13634.3131505950445773646066549,-107735195702532.330540129398797,-13552.3929757456543881640535925,-13552.3929757456543881640535925,4.67153783534729521987561711529526004592430562534470087249082e-107735195702533,4.04598486959244145996679615479602727846609677205881546387061e-13553,4.04598486959244145996679615479602727846609677205881546387061e-13553,100
6.55117059459365179874887923274803933524443733024869215195965e-13603,7.96704261157438968728886477393912074726468889746023048165219e-13637,8.0,True,120,31,coefficient_tail_bound,0.0,-13602.1836810912525334636094003,-13636.0987028600125257735069366,-107735195702530.52436015541491,-13550.6008064861133156641876827,-13550.6008064861133156641876827,2.98978421462226969398327832722370565796791844785902828060805e-107735195702531,2.50722617950617324757307495052756991986216536478057390015093e-13551,2.50722617950617324757307495052756991986216536478057390015093e-13551,100
3.22519167733841319323021746842980398042803068566089459788783e-13603,1.22569886331913687496751765752909549957918290730157392025418e-13638,8.0,True,120,32,coefficient_tail_bound,0.0,-13602.4914444695754830615334721,-13637.9116162166553813474997029,-107735195702528.718180181431022,-13548.8081993193187023615957435,-13548.8081993193187023615957435,1.91346189735825308623754348842164764738234062503232345958297e-107735195702529,1.55525168550290623603302126161956337182834626935311907160132e-13549,1.55525168550290623603302126161956337182834626935311907160132e-13549,100
1.61058134587510091351690959522600851984528445886832858833539e-13605,1.61058134587510091351690959522600851984528445886832858833539e-13605,8.0,True,120,0,coefficient_tail_bound,0.000001,-13604.7930173353133944605238754,-13604.7930173353133944605238754,-107735195702586.515911554068574,-13604.7930173353133944605238754,-13604.7930173353133944605238754,3.04851576970759724920785163250768312942241752299633592842551e-107735195702587,1.61058134587510091351690959522600851984528445886832858833539e-13605,1.61058134587510091351690959522600851984528445886832858833539e-13605,100
1.71795343560010764108470356824107575450163675612621716089109e-13604,1.71795343560010764108470356824107575450163675612621716089109e-13604,8.0,True,120,1,coefficient_tail_bound,0.000001,-13603.7649886117131509217502088,-13603.7649886117131509217502088,-107735195702584.709731580084686,-13603.4639586160491697265364699,-13603.4639586160491697265364699,1.95105009261286273105144962269281411078697974608299144365285e-107735195702585,3.43590687120021528216940713648215150900327351225243432178217e-13604,3.43590687120021528216940713648215150900327351225243432178217e-13604,100
1.0994901987840688902942102836742884828810475239207789829703e-13603,5.49745099392034445147105141837144241440523761960389491485148e-13604,8.0,True,120,2,coefficient_tail_bound,0.000001,-13602.9588086377292637504677754,-13603.2598386333932449456815143,-107735195702582.903551606100799,-13601.8796273916816389227452697,-13601.8796273916816389227452697,1.24867205927223246247031948837181357483327062341761168795776e-107735195702583,1.31938823854088266835305234040914617945725702870493477956435e-13602,1.31938823854088266835305234040914617945725702870493477956435e-13602,100
5.02624090872717206991638986822531877888478868078070392214992e-13603,8.37706818121195344986064978037553129814131446796783987024987e-13604,8.0,True,120,3,coefficient_tail_bound,0.000001,-13602.2987566994236146051112972,-13603.076907949807258237620064,-107735195702581.097371632116912,-13600.2195754533759897773887915,-13600.2195754533759897773887915,7.99150117934228977323335179661046170624149104200069163158654e-107735195702582,6.03148909047260648389966784187038253466174641693684470657991e-13601,6.03148909047260648389966784187038253466174641693684470657991e-13601,100
1.78710787865855006930360528648011334360348041983313917231997e-13602,7.44628282774395862209835536033380559834783508263807988466655e-13604,8.0,True,120,4,coefficient_tail_bound,0.000001,-13601.7478492305430335036326586,-13603.1280604722546395265689031,-107735195702579.291191658133024,-13598.5225399488171706499841977,-13598.5225399488171706499841977,5.11456075477906674346026167529109189101385356614828458583351e-107735195702580,3.00234123614636411643005688128659041725384710531967380949755e-13599,3.00234123614636411643005688128659041725384710531967380949755e-13599,100
5.19885928337032747433776083339669336321012485769640486493083e-13602,4.33238273614193956194813402783057780267510404808033738744236e-13604,8.0,True,120,5,coefficient_tail_bound,0.000001,-13601.2840919373813525683141641,-13603.3632731834289773960366697,-107735195702577.485011684149137,-13596.8035101505521836448619085,-13596.8035101505521836448619085,3.27331888305860354051275404848136806372798359796021458143505e-107735195702578,1.57213504729118702823973887601916007303474175696739283115508e-13597,1.57213504729118702823973887601916007303474175696739283115508e-13597,100
1.27971920821423445522160266668226298171326150343296119752143e-13601,1.77738778918643674336333703705869858571286319921244610766866e-13604,8.0,True,120,6,coefficient_tail_bound,0.000001,-13600.8928853113682833614519747,-13603.7502178077995518216832472,-107735195702575.67883171016525,-13595.0698808437169082020357803,-13595.0698808437169082020357803,2.0949240851575067937350019998571858402008746739158494093126e-107735195702576,8.5137159484076589836982782209037591647419861300388042548706e-13596,8.5137159484076589836982782209037591647419861300388042548706e-13596,100
2.73006764419036683780608568892216102765495787399031722137906e-13601,5.41680088133009293215493192246460521360110689283793099479972e-13605,8.0,True,120,7,coefficient_tail_bound,0.000001,-13600.5638265921040586274645693,-13604.266257128549583918408058,-107735195702573.872651736181363,-13593.3258487764818655036281308,-13593.3258487764818655036281308,1.34075141450080468578677850155939972915466875811794803385523e-107735195702574,4.72227444605011484962464498652795175004355497346152342670156e-13594,4.72227444605011484962464498652795175004355497346152342670156e-13594,100
5.13895085965245522410557306150053840499756776280530300494882e-13601,1.27454138384237480756586633469755416790614279831480729289405e-13605,8.0,True,120,8,coefficient_tail_bound,0.000001,-13600.2891255351624265799360447,-13604.8946460585998954565207501,-107735195702572.066471762197475,-13591.5740264648205710188045783,-13591.5740264648205710188045783,8.58080905280515215093219662854637269236037748664684838025595e-107735195702573,2.66669615776947662096450540415696098825988986736650734684323e-13592,2.66669615776947662096450540415696098825988986736650734684323e-13592,100
8.65507513204624037744096515621143310315379833735629979780854e-13601,2.38510668321380080947998378422934113292377599684642300424618e-13606,8.0,True,120,9,coefficient_tail_bound,0.000001,-13600.0627291577953495654036837,-13605.6224921906721433165784449,-107735195702570.260291788213588,-13589.8161511704112388805183085,-13589.8161511704112388805183085,5.49171779379529876021056694215275294641553598032553013171423e-107735195702571,1.5270344313964160861102009893277755553825053556288210491397e-13590,1.5270344313964160861102009893277755553825053556288210491397e-13590,100
1.31886859154990329561005183332745647286153117521619806442797e-13600,3.6344482791829345668266419569209007739790872332897874350418e-13607,8.0,True,120,10,coefficient_tail_bound,0.000001,-13599.8797984742093628573422334,-13606.4395615070861566085169946,-107735195702568.454111814229701,-13588.0534368902084420157067859,-13588.0534368902084420157067859,3.51469938802899209204769794690337571874061209625134019699823e-107735195702569,8.84225651703829505100002096677416702545298339259355426549467e-13589,8.84225651703829505100002096677416702545298339259355426549467e-13589,100
1.83494760563464806345746342028167857093778250464862339398674e-13600,4.59693062979659708057124674393157410147552535435862442376828e-13608,8.0,True,120,11,coefficient_tail_bound,0.000001,-13599.736376331907049760141316,-13607.3375320499420685520662772,-107735195702566.647931840245814,-13586.2867654575082284552848854,-13586.2867654575082284552848854,2.24940760833855550563880515253083888249268340825395697571339e-107735195702567,5.16695337343455154284522964319325238356904768680249431861949e-13587,5.16695337343455154284522964319325238356904768680249431861949e-13587,100
2.34873293521234952122555317796054857080036160595023794430302e-13600,4.90339267178303688594266319352701237490722704464919938535283e-13609,8.0,True,120,12,coefficient_tail_bound,0.000001,-13599.6291663622591813936451438,-13608.3095033263418250132926107,-107735195702564.841751866261926,-13584.5167976561787860147071972,-13584.5167976561787860147071972,1.43962086933667588631493351618803383958264226413854636312777e-107735195702565,3.04230214627826394842727121391218700344545527798930865480316e-13585,3.04230214627826394842727121391218700344545527798930865480316e-13585,100
2.78368347877019202515621117387916867650413227371880052658136e-13600,4.47032950134066040883661601689072353267895343101921311485159e-13610,8.0,True,120,13,coefficient_tail_bound,0.000001,-13599.555380148098262729461533,-13609.3496604644877431183155051,-107735195702563.035571892278039,-13582.7440414376818485457373253,-13582.7440414376818485457373253,9.21357356375472799373460310244168677605202792531667631158695e-107735195702564,1.80284571631304530277171627491092563167138090547514586951298e-13583,1.80284571631304530277171627491092563167138090547514586951298e-13583,100
3.07165073519469464844823301945287578097007699168971092588288e-13600,3.52341241484978160302393380641633381886025886188706452402096e-13611,8.0,True,120,14,coefficient_tail_bound,0.000001,-13599.5126281676773128407256853,-13610.4530365197450312555056125,-107735195702561.229391918294152,-13580.968895697437930149902655,-13580.968895697437930149902655,5.8966870808030274016343242888199210693500054691726353576388e-107735195702562,1.07424737854791113213431921484347568673384351884863864224774e-13581,1.07424737854791113213431921484347568673384351884863864224774e-13581,100
3.17073624278162028226914376201587177390459560432486289123394e-13600,2.4247139198966238988551802538779071441618985716212056939499e-13612,8.0,True,120,15,coefficient_tail_bound,0.000001,-13599.4988398831916795443236949,-13611.6153394943150792011849111,-107735195702559.423211944310264,-13579.191679419389359570954079,-13579.191679419389359570954079,3.77387973171393848785824165892986317117480032344780482120484e-107735195702560,6.43162301479007439110095633144997056315488248704217200003806e-13580,6.43162301479007439110095633144997056315488248704217200003806e-13580,100
3.07465332633369239492765455710629990196809270722410947028746e-13600,1.46952358781613569627586682053206493585569610401285193572721e-13613,8.0,True,120,16,coefficient_tail_bound,0.000001,-13599.5122038447496610463002283,-13612.8328234385289854840164001,-107735195702557.617031970326377,-13577.4126516914490871980501694,-13577.4126516914490871980501694,2.41528302829692124074913009472989181685971270918642624142898e-107735195702558,3.86676971555863866422554465502931563554523844069444522668955e-13578,3.86676971555863866422554465502931563554523844069444522668955e-13578,100
2.81111161264794733250528416649718848179939904660490008711996e-13600,7.90332013615400710602146861462623158779534039132962385601191e-13615,8.0,True,120,17,coefficient_tail_bound,0.000001,-13599.5511219107800307057300112,-13614.1021904259376290719863529,-107735195702555.81085199634249,-13575.6320258219375881842209855,-13575.6320258219375881842209855,1.54578113811002998353215073775678581243474159804439387342085e-107735195702556,2.33331932550281281681267151754911846350615531049904809107666e-13576,2.33331932550281281681267151754911846350615531049904809107666e-13576,100
2.43123166499281931459916468453810895723191268895558926453618e-13600,3.79739105641033374463493987489548664879055394177999945033605e-13616,8.0,True,120,18,coefficient_tail_bound,0.000001,-13599.6141736565271197264697674,-13615.4205146767880241625299038,-107735195702554.004672022358603,-13573.8499795276704203742485254,-13573.8499795276704203742485254,9.89299928390419438710309257527447746461935747281786126377777e-107735195702555,1.41260413219629748909740113494865550223075348527509938486803e-13574,1.41260413219629748909740113494865550223075348527509938486803e-13574,100
1.99485675076333892479931461295434581106208220632253478115789e-13600,1.63989897172915897204207929820048006425503004233414281256078e-13617,8.0,True,120,19,coefficient_tail_bound,0.000001,-13599.700088285233712956902606,-13616.7851829064474463544990759,-107735195702552.198492048374715,-13572.0666624366460374126591744,-13572.0666624366460374126591744,6.33151954169868600294426907450034027325978687601799320628706e-107735195702553,8.57704252574572424149396381425234930585236987982419318812181e-13573,8.57704252574572424149396381425234930585236987982419318812181e-13573,100
1.55696136644943525837995286864729429156064952688588080480616e-13600,6.3996057433333033055300655539530929336781660188649475612128e-13619,8.0,True,120,20,coefficient_tail_bound,0.000001,-13599.8077221636335424753433234,-13618.1938467805112570681535322,-107735195702550.392312074390828,-13570.2822017123553865293846199,-13570.2822017123553865293846199,4.05217250668716006281123769652852401628345335452228453634386e-107735195702551,5.2215361327466652943338862635058204554652476146441917555005e-13571,5.2215361327466652943338862635058204554652476146441917555005e-13571,100
1.15866892386934716902694166969100970534746011303135315706505e-13600,2.26785585588777082809481835799002185911075650723896259090597e-13620,8.0,True,120,21,coefficient_tail_bound,0.000001,-13599.9360406408932230256797171,-13619.64438455250485688649717,-107735195702548.586132100406941,-13568.4967063372313503899978628,-13568.4967063372313503899978628,2.5933904042797830935924116386415006039677811730350926414504e-107735195702549,3.18635135170401156565863198963704020352111854437822306196123e-13569,3.18635135170401156565863198963704020352111854437822306196123e-13569,100
8.23942345862646875752491854002495790469304969266740022801814e-13601,7.33044317054632994939739267229097974662062709410573766757487e-13622,8.0,True,120,22,coefficient_tail_bound,0.000001,-13600.0841031763486607289873395,-13621.1348697687825008257687313,-107735195702546.779952126423053,-13566.7102704214432203716866582,-13566.7102704214432203716866582,1.65976985873906159807080393696324804900244594117652005906569e-107735195702547,1.9486308710865421841539011634402521422422484964730821925594e-13567,1.9486308710865421841539011634402521422422484964730821925594e-13567,100
5.60982022714993617533611475065529048830165085458205972971448e-13601,2.16997392652620313025639746080769058179334012036432567402771e-13623,8.0,True,120,23,coefficient_tail_bound,0.000001,-13600.2510510559644722173328644,-13622.6635454844159051929820333,-107735195702544.973772152439166,-13564.9229757916197069854421273,-13564.9229757916197069854421273,1.06225270959299969039517723212553371165369629790321578647686e-107735195702545,1.19405466143175350858792241504423961056546290847712270522789e-13565,1.19405466143175350858792241504423961056546290847712270522789e-13565,100
3.66355606671016240021950351063202644133985361931889615001762e-13601,5.90469095653388606872489104981684512052609556561721271844276e-13625,8.0,True,120,24,coefficient_tail_bound,0.000001,-13600.4360971576730799026886025,-13624.228802827836118901274016,-107735195702543.167592178455279,-13563.1348940397286160111699071,-13563.1348940397286160111699071,6.7984173413951997313602556454062305808742134734581257302541e-107735195702544,7.33003351344227459965810331521035254812431107897792877005202e-13564,7.33003351344227459965810331521035254812431107897792877005202e-13564,100
2.29870184577892542758870808510244796319363364349420934903066e-13601,1.48196165183595571920938442034618857926929457333137887835426e-13626,8.0,True,120,25,coefficient_tail_bound,0.000001,-13600.6385173554511102924551058,-13625.8291630342861869006130415,-107735195702541.361412204471392,-13561.346088161814151544298239,-13561.346088161814151544298239,4.3509870984929289242824812833343414320548416488601651929814e-107735195702542,4.50725198003038689108388470519601286096428226346564404370258e-13562,4.50725198003038689108388470519601286096428226346564404370258e-13562,100
1.38789545405520025816676714572223273249426936965688111639587e-13601,3.44142038162195812878812056974441469786773776100175066090975e-13628,8.0,True,120,26,coefficient_tail_bound,0.000001,-13600.8576432467319933620194036,-13627.4632622735378879345975834,-107735195702539.555232230487504,-13559.5566138813331170528136001,-13559.5566138813331170528136001,2.78463174303547521311641533030991850484452807306877994863975e-107735195702540,2.77578687977720430424486786372826150531838062414186078465004e-13560,2.77578687977720430424486786372826150531838062414186078465004e-13560,100
8.07502809632116513842482702965662680723938542345821740448507e-13602,7.41585536780489293745588270921355355769478844121589368007488e-13630,8.0,True,120,27,coefficient_tail_bound,0.000001,-13601.0928559579063312314871702,-13629.1298387488712131159504337,-107735195702537.749052256503617,-13557.7665207272426846814346355,-13557.7665207272426846814346355,1.78216431554270458540290728914317568698519429912990250154037e-107735195702538,1.71190347203714127272701668977568418655271765037985305118781e-13558,1.71190347203714127272701668977568418655271765037985305118781e-13558,100
4.53334910670661902508060464822828171634491813246777117444776e-13602,1.48688829429672038846233237277464732986361673006834961004008e-13631,8.0,True,120,28,coefficient_tail_bound,0.000001,-13601.3435808352589166542498371,-13630.8277216575660177598527946,-107735195702535.94287228251973,-13555.9758529194370450634471024,-13555.9758529194370450634471024,1.14058516194733122202323761080846706062320136745074095624566e-107735195702536,1.05717547746855039999984188561586111169571335602404960354054e-13556,1.05717547746855039999984188561586111169571335602404960354054e-13556,100
2.45876561719681031868778557192042398174639627523675724715811e-13602,2.78085478769696390594942349087017618677006051210912843490838e-13633,8.0,True,120,29,coefficient_tail_bound,0.000001,-13601.609282868581154868441799,-13632.5558216887872120613776033,-107735195702534.136692308535842,-13554.1846501014228106835939641,-13554.1846501014228106835939641,7.29974503646292166008713316201885748763103837991186011244837e-107735195702535,6.53656973187334213423631050631637514485756325894192026053541e-13555,6.53656973187334213423631050631637514485756325894192026053541e-13555,100
1.28984425820160541308211702133530438386696198045206937555835e-13602,4.8626968965192811470153853392265375943520183818301699408234e-13635,8.0,True,120,30,coefficient_tail_bound,0.000001,-13601.8894627252720159262588531,-13634.3131228001977355564896853,-107735195702532.330512334551955,-13552.3929479508075463559366228,-13552.3929479508075463559366228,4.67183682333627103950434919351324960820416303015544819624671e-107735195702533,4.04624382091044916375021450358207090934133751897781818094782e-13553,4.04624382091044916375021450358207090934133751897781818094782e-13553,100
6.55158988292878939978218169567138734662583863086765397109004e-13603,7.96755251861838180770570050462105494210264148584564455229641e-13637,8.0,True,120,31,coefficient_tail_bound,0.000001,-13602.1836532964056916554924307,-13636.0986750651656839653899669,-107735195702530.524332360568068,-13550.600778691266473856070713,-13550.600778691266473856070713,2.98997556693521421859387722453441505835105804963974282667262e-107735195702531,2.50738664711657040242552974952133410001088598001419082197147e-13551,2.50738664711657040242552974952133410001088598001419082197147e-13551,100
3.2253980962110963198927663732536060783388744028886911857674e-13603,1.22577731055667412426241546224939306801579099782240685419945e-13638,8.0,True,120,32,coefficient_tail_bound,0.000001,-13602.4914166747286412534165025,-13637.9115884218085395393827332,-107735195702528.718152386584181,-13548.8081715244718605534787739,-13548.8081715244718605534787739,1.91358436283853758201918141774126717071030684910052574015864e-107735195702529,1.55535122479600182501226706924154139865290650329495652218292e-13549,1.55535122479600182501226706924154139865290650329495652218292e-13549,100
1.62081838597856036808935996664906406747353665593166378329985e-13605,1.62081838597856036808935996664906406747353665593166378329985e-13605,8.0,True,120,0,coefficient_tail_bound,0.0001,-13604.7902656454760554569438778,-13604.7902656454760554569438778,-107735195702586.513159864231235,-13604.7902656454760554569438778,-13604.7902656454760554569438778,3.06789248623945839881225066708915359075282805722030581193816e-107735195702587,1.62081838597856036808935996664906406747353665593166378329985e-13605,1.62081838597856036808935996664906406747353665593166378329985e-13605,100
1.72887294504379772596198396442566833863843909966044136885317e-13604,1.72887294504379772596198396442566833863843909966044136885317e-13604,8.0,True,120,1,coefficient_tail_bound,0.0001,-13603.7622369218758119181702113,-13603.7622369218758119181702113,-107735195702584.706979890247347,-13603.4612069262118307229564724,-13603.4612069262118307229564724,1.96345119119325386992266683555833158255969911109251428443343e-107735195702585,3.45774589008759545192396792885133667727687819932088273770634e-13604,3.45774589008759545192396792885133667727687819932088273770634e-13604,100
1.10647868482803054461566973723242773672860102378268247606603e-13603,5.53239342414015272307834868616213868364300511891341238033015e-13604,8.0,True,120,2,coefficient_tail_bound,0.0001,-13602.9560569478919247468877779,-13603.2570869435559059421015168,-107735195702582.90079991626346,-13601.8768757018442999191652722,-13601.8768757018442999191652722,1.25660876236368279334751567627510664533078508930213269587481e-107735195702583,1.32777442179363665353880368467891328407432122853921897127924e-13602,1.32777442179363665353880368467891328407432122853921897127924e-13602,100
5.05818827349956820395734737020538393933074753729226274773042e-13603,8.4303137891659470065955789503423065655512458954871045795507e-13604,8.0,True,120,3,coefficient_tail_bound,0.0001,-13602.2960050095862756015312997,-13603.0741562599699192340400665,-107735195702581.094619942279573,-13600.216823763538650773808794,-13600.216823763538650773808794,8.04229607912757190364495729787545989280058462058743599490647e-107735195702582,6.0698259281994818447488168442464607271968970447507152972765e-13601,6.0698259281994818447488168442464607271968970447507152972765e-13601,100
1.79846694168873536140705684273969206731759912437058231030415e-13602,7.49361225703639733919607017808205028048999635154409295960062e-13604,8.0,True,120,4,coefficient_tail_bound,0.0001,-13601.745097540705694500052661,-13603.1253087824173005229889056,-107735195702579.288439968295685,-13598.5197882589798316464042002,-13598.5197882589798316464042002,5.14706949064164731511412113125840528013773293245952257698779e-107735195702580,3.02142446203707540716385549580268267309356652894257828131097e-13599,3.02142446203707540716385549580268267309356652894257828131097e-13599,100
5.23190383036723014227507445160637692310574290725987581179389e-13602,4.35991985863935845189589537633864743592145242271656317649491e-13604,8.0,True,120,5,coefficient_tail_bound,0.0001,-13601.2813402475440135647341665,-13603.3605214935916383924566722,-107735195702577.482259994311798,-13596.800758460714844641281911,-13596.800758460714844641281911,3.29412447401065511161310053880138858592702211336071521980031e-107735195702578,1.58212771830305039502398251416576838154717665515538644548647e-13597,1.58212771830305039502398251416576838154717665515538644548647e-13597,100
1.28785325055193357348309524962618508876449056178704635367234e-13601,1.78868507021101885205985451336970151217290355803756438010047e-13604,8.0,True,120,6,coefficient_tail_bound,0.0001,-13600.8901336215309443578719772,-13603.7474661179622128181032497,-107735195702575.676080020327911,-13595.0671291538795691984557828,-13595.0671291538795691984557828,2.10823966336681980259402467430260223488495268522788261334326e-107735195702576,8.56783010527190367766833607671308415853240280945686198171136e-13596,8.56783010527190367766833607671308415853240280945686198171136e-13596,100
2.74742026784412495676393653253586152269757986514569888783433e-13601,5.45123069016691459675384232646004270376503941497162477744907e-13605,8.0,True,120,7,coefficient_tail_bound,0.0001,-13600.5610749022667196238845717,-13604.2635054387122449148280605,-107735195702573.869900046344024,-13593.3230970866445265000481333,-13593.3230970866445265000481333,1.34927338455476501360362560241445339034841024471602750593783e-107735195702574,4.7522897650574825732133704105501906799326394249787394458559e-13594,4.7522897650574825732133704105501906799326394249787394458559e-13594,100
5.17161462182423521273211582594985698390132680498013908298227e-13601,1.28264251533339166982443348857883357735647986234626465351743e-13605,8.0,True,120,8,coefficient_tail_bound,0.0001,-13600.2863738453250875763560471,-13604.8918943687625564529407526,-107735195702572.063720072360136,-13591.5712747749832320152245808,-13591.5712747749832320152245808,8.6353496611504982627012826449626409271157109521444321165579e-107735195702573,2.68364598497363721781460917301657826631490226351740580471863e-13592,2.68364598497363721781460917301657826631490226351740580471863e-13592,100
8.71008778412502772670672139107344334130749777680865529765434e-13601,2.40026669536073294937905682073232014476066406988774672003261e-13606,8.0,True,120,9,coefficient_tail_bound,0.0001,-13600.0599774679580105618236861,-13605.6197405008348043129984474,-107735195702570.257540098376249,-13589.813399480573899876938311,-13589.813399480573899876938311,5.52662378313632028053719131806328092207771030874085610844248e-107735195702571,1.53674043771121962788541830539054587039505982247733553449151e-13590,1.53674043771121962788541830539054587039505982247733553449151e-13590,100
1.32725147186667089168864325959214374724685680408512842630923e-13600,3.65754925007349782762522944111591641106386905887656643052589e-13607,8.0,True,120,10,coefficient_tail_bound,0.0001,-13599.8770467843720238537622358,-13606.4368098172488176049369971,-107735195702568.451360124392362,-13588.0506852003711030121267883,-13588.0506852003711030121267883,3.53703922120724587068515951574475089474435472703514826595233e-107735195702569,8.89845891550877651194604123502335132571615592444019052353178e-13589,8.89845891550877651194604123502335132571615592444019052353178e-13589,100
1.84661074346667254495811236117167825703910511872713520182154e-13600,4.62614924910481938671965779113475593494244307842095358801693e-13608,8.0,True,120,11,coefficient_tail_bound,0.0001,-13599.7336246420697107565613185,-13607.3347803601047295484862797,-107735195702566.645180150408475,-13586.2840137676708894517048879,-13586.2840137676708894517048879,2.2637051015726379275689706162748486640578915805828864268755e-107735195702567,5.19979512280165027480673018255277573120109285323809394070726e-13587,5.19979512280165027480673018255277573120109285323809394070726e-13587,100
2.36366175163734085754638382229974816901005455197073305833157e-13600,4.93455919904514067916763497721040633060527261698235049388473e-13609,8.0,True,120,12,coefficient_tail_bound,0.0001,-13599.6264146724218423900651462,-13608.3067516365044860097126131,-107735195702564.839000176424587,-13584.5140459663414470111271996,-13584.5140459663414470111271996,1.44877126500648863865564105118294024956642803745193280099473e-107735195702565,3.06163936830561168180620273148707435053120347198658971228844e-13585,3.06163936830561168180620273148707435053120347198658971228844e-13585,100
2.80137689082944101635126971531822005216006465418753547654112e-13600,4.49874342932890318328673274275592599941221435166482096308579e-13610,8.0,True,120,13,coefficient_tail_bound,0.0001,-13599.5526284582609237258815354,-13609.3469087746504041147355075,-107735195702563.0328202024407,-13582.7412897478445095421573277,-13582.7412897478445095421573277,9.27213609604152962346970181088103219325068783340333606413924e-107735195702564,1.81430481084776988551478680384419220772219465006612723691167e-13583,1.81430481084776988551478680384419220772219465006612723691167e-13583,100
3.09117450022559008700829761690286350583179548048279776721779e-13600,3.54580762902770694249200610266476926062046451362744509405777e-13611,8.0,True,120,14,coefficient_tail_bound,0.0001,-13599.5098764778399738371456877,-13610.450284829907692251925615,-107735195702561.226640228456813,-13580.9661440076005911463226574,-13580.9661440076005911463226574,5.93416710146658045410771257228315130627697222149767478143322e-107735195702562,1.08107541832584357316191434380784970170481115700491995358047e-13581,1.08107541832584357316191434380784970170481115700491995358047e-13581,100
3.1908898066844800898150168948674720060199179153370815661603e-13600,2.44012568019111015397299344699511002881408310615222027978169e-13612,8.0,True,120,15,coefficient_tail_bound,0.0001,-13599.4960881933543405407436974,-13611.6125878044777401976049136,-107735195702559.420460254472925,-13579.1889277295520205673740814,-13579.1889277295520205673740814,3.7978669449386124474846822307860450368087585704519384678831e-107735195702560,6.47250314971859894125326781324957756891654679806816591563016e-13580,6.47250314971859894125326781324957756891654679806816591563016e-13580,100
3.09419617617888978406304668593209406644355676638747303385241e-13600,1.47886404860067282058969299817885456291762612494073956350405e-13613,8.0,True,120,16,coefficient_tail_bound,0.0001,-13599.5094521549123220427202308,-13612.8300717486916464804364026,-107735195702557.614280280489038,-13577.4099000016117481944701718,-13577.4099000016117481944701718,2.43063484476071257877787418579926744878718130112429682974397e-107735195702558,3.89134734819445463619590404287489754446376631738401247776068e-13578,3.89134734819445463619590404287489754446376631738401247776068e-13578,100
2.82897936107784208828621411285220028931982332926854677380792e-13600,7.95355454709605550569246654482745311148975394926112034153441e-13615,8.0,True,120,17,coefficient_tail_bound,0.0001,-13599.5483702209426917021500137,-13614.0994387361002900684063553,-107735195702555.808100306505151,-13575.6292741321002491806409879,-13575.6292741321002491806409879,1.55560630064685644234595311609329577647345617296886389440463e-107735195702556,2.34815017125333948332735695387193817540213556066143838658016e-13576,2.34815017125333948332735695387193817540213556066143838658016e-13576,100
2.44668485282407964392321220571001106103336071720522964221226e-13600,3.821527710316423065798182123640818311826908804449787551488e-13616,8.0,True,120,18,coefficient_tail_bound,0.0001,-13599.6114219666897807228897699,-13615.4177629869506851589499063,-107735195702554.001920332521264,-13573.8472278378330813706685279,-13573.8472278378330813706685279,9.95588032413988373935402722096165039888542676066768178737487e-107735195702555,1.42158280638040011963602150720895716564886044753557350971339e-13574,1.42158280638040011963602150720895716564886044753557350971339e-13574,100
2.00753628949668073347545616878770138341198828078377816796903e-13600,1.65032235803138378010177905474367322508044644726576520442127e-13617,8.0,True,120,19,coefficient_tail_bound,0.0001,-13599.6973365953963739533226085,-13616.7824312166101073509190783,-107735195702552.195740358537376,-13572.0639107468086984090791769,-13572.0639107468086984090791769,6.37176340744952719852413087931358192550285847767123410280924e-107735195702553,8.63155919361227559820025366428412966219615779426727710513158e-13573,8.63155919361227559820025366428412966219615779426727710513158e-13573,100
1.56685759180228740173694140002942546998008841427026588719534e-13600,6.44028237280540011747035728680457843933832759908591299286349e-13619,8.0,True,120,20,coefficient_tail_bound,0.0001,-13599.8049704737962034717633258,-13618.1910950906739180645735346,-107735195702550.389560384553489,-13570.2794500225180475258046223,-13570.2794500225180475258046223,4.07792858076769843447147797581601056709365282407912173585846e-107735195702551,5.25472481640396094953849588928126527727844142792466430595327e-13571,5.25472481640396094953849588928126527727844142792466430595327e-13571,100
1.16603355669007434547865406513817709393867044782903507884304e-13600,2.28227060830313182457421299200162248127161110931062254453634e-13620,8.0,True,120,21,coefficient_tail_bound,0.0001,-13599.9332889510558840220997195,-13619.6416328626675178829171724,-107735195702548.583380410569602,-13568.4939546473940113864178652,-13568.4939546473940113864178652,2.60987429169132765560800780087798170092732223786840272750931e-107735195702549,3.20660416703348686781139842173814885757642565276146956716776e-13569,3.20660416703348686781139842173814885757642565276146956716776e-13569,100
8.29179418090719534562598446320481489023054540678424944955054e-13601,7.37703630966668872589644603475271913138298540383231529547101e-13622,8.0,True,120,22,coefficient_tail_bound,0.0001,-13600.081351486511321725407342,-13621.1321180789451618221887337,-107735195702546.777200436585714,-13566.7075187316058813681066606,-13566.7075187316058813681066606,1.67031954668245012041873260622979070121479943940983335930483e-107735195702547,1.9610165928169235244926596570274190346778496436443476108546e-13567,1.9610165928169235244926596570274190346778496436443476108546e-13567,100
5.64547688912830321404322346430966120185909474504459536990675e-13601,2.18376653015110119545500715182319160225953314452020434278513e-13623,8.0,True,120,23,coefficient_tail_bound,0.0001,-13600.2482993661271332137528669,-13622.6607937945785661894020358,-107735195702544.971020462601827,-13564.9202241017823679818621298,-13564.9202241017823679818621298,1.06900450987676834639893774073464650633311988379216129469905e-107735195702545,1.2016442100665403724550765557955248552919589305735576849492e-13565,1.2016442100665403724550765557955248552919589305735576849492e-13565,100
3.68684205004297352753843165016141139713247003758014391504114e-13601,5.94222185075129576994559769203589551635247114155157644295273e-13625,8.0,True,120,24,coefficient_tail_bound,0.0001,-13600.4333454678357408991086049,-13624.2260511379987798976940184,-107735195702543.16484048861794,-13563.1321423498912770075899095,-13563.1321423498912770075899095,6.84162886321131914067127432628712113514736586523570444474887e-107735195702544,7.37662404873500702111198016292436482595553563911277860474937e-13564,7.37662404873500702111198016292436482595553563911277860474937e-13564,100
2.31331265885049319374960417265029734722037335691303147610425e-13601,1.49138117038463893833928726388351887469238491395804271509402e-13626,8.0,True,120,25,coefficient_tail_bound,0.0001,-13600.6357656656137712888751082,-13625.826411344448847897033044,-107735195702541.358660514634053,-13561.3433364719768125407182414,-13561.3433364719768125407182414,4.37864247245524535320918215159895884545408917208114443225622e-107735195702542,4.53590059153587882709944505704525648905814897338385758911648e-13562,4.53590059153587882709944505704525648905814897338385758911648e-13562,100
1.39671707704180721132051572688319839832173485700409447613841e-13601,3.46329444501512670731909959682674920102730894387934447627058e-13628,8.0,True,120,26,coefficient_tail_bound,0.0001,-13600.8548915568946543584394061,-13627.4605105837005489310175858,-107735195702539.552480540650165,-13559.5538621914957780492336025,-13559.5538621914957780492336025,2.80233118237135773208879918999981826996466182363118704135834e-107735195702540,2.79343010014586952672690352192372022269543363191036059827853e-13560,2.79343010014586952672690352192372022269543363191036059827853e-13560,100
8.12635390278869650222845513822951795387191189529654967935077e-13602,7.4629913966655929046606859998960252143349418319285537535797e-13630,8.0,True,120,27,coefficient_tail_bound,0.0001,-13601.0901042680689922279071727,-13629.1270870590338741123704361,-107735195702537.746300566666278,-13557.763769037405345677854638,-13557.763769037405345677854638,1.79349195671766940039918195390506153189023700426701337822088e-107735195702538,1.72278452721723444266502849933913799916052925080726239079287e-13558,1.72278452721723444266502849933913799916052925080726239079287e-13558,100
4.56216359454804014160193972672534341270002071314894017086359e-13602,1.49633912715099607110991197992902761189673019186537418618139e-13631,8.0,True,120,28,coefficient_tail_bound,0.0001,-13601.3408291454215776506698396,-13630.8249699677286787562727971,-107735195702535.940120592682391,-13555.9731012295997060598671049,-13555.9731012295997060598671049,1.14783485229930870544738075277469891867939535135084403578359e-107735195702536,1.06389500628152021722471935397785364158685315137571291501594e-13556,1.06389500628152021722471935397785364158685315137571291501594e-13556,100
2.474393813992157364936645275512050664515265471538408228265e-13602,2.79853022027071152983735729735411359326097990296271034236146e-13633,8.0,True,120,29,coefficient_tail_bound,0.0001,-13601.6065311787438158648618015,-13632.5530699989498730577976058,-107735195702534.133940618698503,-13554.1818984115854716800139665,-13554.1818984115854716800139665,7.34614305471557756569142435232194674039332152914778939698105e-107735195702535,6.57811692019489110582334949713764421103193270545525544742062e-13555,6.57811692019489110582334949713764421103193270545525544742062e-13555,100
1.29804265652047599472086309535058395515554909982342726728656e-13602,4.89360475675752835818554281504544453466400857348670660959381e-13635,8.0,True,120,30,coefficient_tail_bound,0.0001,-13601.8867110354346769226788555,-13634.3103711103603965529096877,-107735195702532.327760644714616,-13552.3901962609702073523566253,-13552.3901962609702073523566253,4.70153155501797082657255160760752193098111015148144310074049e-107735195702533,4.07196221158293587140802749199864664604206195013099091302627e-13553,4.07196221158293587140802749199864664604206195013099091302627e-13553,100
6.59323254105638600493136810336804548650437638005550357986822e-13603,8.01819519796420417111814490944466078388368020233356945760378e-13637,8.0,True,120,31,coefficient_tail_bound,0.0001,-13602.1809016065683526519124331,-13636.0959233753283449618099694,-107735195702530.521580670730729,-13550.5980270014291348524907155,-13550.5980270014291348524907155,3.00898019521150208710565864302694068627133214596145296040297e-107735195702531,2.52332388476504470507570465535916135018225553227164897213565e-13551,2.52332388476504470507570465535916135018225553227164897213565e-13551,100
3.24589909713545157165851968165811470104830837171963253162743e-13603,1.23356849199449294940279152452994781290518156958977991655443e-13638,8.0,True,120,32,coefficient_tail_bound,0.0001,-13602.4886649848913022498365049,-13637.9088367319712005358027357,-107735195702528.715400696746842,-13548.8054198346345215498987763,-13548.8054198346345215498987763,1.92574732493536182093112592459868757516503644522729721191528e-107735195702529,1.56523721590348619244080633390894439445151604709527517779245e-13549,1.56523721590348619244080633390894439445151604709527517779245e-13549,100
3.05424124932218722320632667044104273693977939275599852205718e-13605,3.05424124932218722320632667044104273693977939275599852205718e-13605,8.0,True,120,0,coefficient_tail_bound,0.01,-13604.5150966617421550989441225,-13604.5150966617421550989441225,-107735195702586.237990880497334,-13604.5150966617421550989441225,-13604.5150966617421550989441225,5.78108186643071573433049066949538662144618818588221261238229e-107735195702587,3.05424124932218722320632667044104273693977939275599852205718e-13605,3.05424124932218722320632667044104273693977939275599852205718e-13605,100
3.257857332610333038086748448470445586069098018939731756861e-13604,3.257857332610333038086748448470445586069098018939731756861e-13604,8.0,True,120,1,coefficient_tail_bound,0.01,-13603.487067938141911560170456,-13603.487067938141911560170456,-107735195702584.431810906513447,-13603.1860379424779303649567171,-13603.1860379424779303649567171,3.69989239451565900214300641706598360689742513514465328703989e-107735195702585,6.51571466522066607617349689694089117213819603787946351372199e-13604,6.51571466522066607617349689694089117213819603787946351372199e-13604,100
2.08502869287061314437551900702108517508422273212142832439104e-13603,1.04251434643530657218775950351054258754211136606071416219552e-13603,8.0,True,120,2,coefficient_tail_bound,0.01,-13602.6808879641580243888880226,-13602.9819179598220055841017615,-107735195702582.62563093252956,-13601.6017067181103995611655169,-13601.6017067181103995611655169,2.36793113249002235796127923561944927297427132969614598499234e-107735195702583,2.50203443144473577325062280842530221010106727854571398926925e-13602,2.50203443144473577325062280842530221010106727854571398926925e-13602,100
9.53155973883708866000237260352496080038501820398367234007332e-13603,1.58859328980618144333372876725416013339750303399727872334555e-13603,8.0,True,120,3,coefficient_tail_bound,0.01,-13602.0208360258523752435315444,-13602.7989872762360188760403112,-107735195702580.819450958545672,-13599.9416547798047504158090387,-13599.9416547798047504158090387,1.51547592479361469091266199316286057844743450289617584384473e-107735195702581,1.1437871686604506392002847124229952960462021844780406808088e-13600,1.1437871686604506392002847124229952960462021844780406808088e-13600,100
3.38899901825318707911195470347554161791467313919419460980385e-13602,1.41208292427216128296331445978147567413111380799758108741827e-13603,8.0,True,120,4,coefficient_tail_bound,0.01,-13601.4699285569717941420529057,-13602.8501397986834001649891503,-107735195702579.013270984561785,-13598.2446192752459312884044449,-13598.2446192752459312884044449,9.69904591867913646547267376338858250634808250350461437077842e-107735195702580,5.69351835066535429290808390183890991809665087384624694447046e-13599,5.69351835066535429290808390183890991809665087384624694447046e-13599,100
9.85890623491836241196205004647430288847904913220129341033846e-13602,8.21575519576530200996837503872858574039920761016774450861538e-13604,8.0,True,120,5,coefficient_tail_bound,0.01,-13601.0061712638101132067344112,-13603.0853525098577380344569169,-107735195702577.207091010577898,-13596.5255894769809442832821557,-13596.5255894769809442832821557,6.20738938795464890182675889314309672637191707025495103028019e-107735195702578,2.98133324543931279337732393405382919347606445757767112728635e-13597,2.98133324543931279337732393405382919347606445757767112728635e-13597,100
2.42680768859528920909835078067059763408715055561877991639101e-13601,3.37056623416012390152548719537583004734326466058163877276529e-13604,8.0,True,120,6,coefficient_tail_bound,0.01,-13600.6149646377970439998722219,-13603.4722971342283124601034944,-107735195702575.40091103659401,-13594.7919601701456688404560275,-13594.7919601701456688404560275,3.97272920829097629808064420973970476559879969823639362047062e-107735195702576,1.61450661906867400502895080736453519400549952164206190277661e-13595,1.61450661906867400502895080736453519400549952164206190277661e-13595,100
5.17718973566995031274314833209727495271925451865339715496748e-13601,1.02722018564879966522681514525739582395223303941535657836656e-13604,8.0,True,120,7,coefficient_tail_bound,0.01,-13600.2859059185328192658848164,-13603.9883364549783445568283052,-107735195702573.594731062610123,-13593.047928102910626142048378,-13593.047928102910626142048378,2.54254669330622547135498414583573246512799546472727776422501e-107735195702574,8.95513004710091181456058047818195520941717068004130335406759e-13594,8.95513004710091181456058047818195520941717068004130335406759e-13594,100
9.74529832596696529457533803688898814629506732922992405640937e-13601,2.41698867211482274171015328295857840929937185744789783145074e-13605,8.0,True,120,8,coefficient_tail_bound,0.01,-13600.0112048615911872183562919,-13604.6167253850286560949409973,-107735195702571.788551088626236,-13591.2961057912493316572248255,-13591.2961057912493316572248255,1.62722988371598471164054783836056106531598605170454892332198e-107735195702572,5.05701461483345608351656309356157470649440226637626542347346e-13592,5.05701461483345608351656309356157470649440226637626542347346e-13592,100
1.64131340226812047066532009042340852990232712913346089371105e-13600,4.52301973729089635875584240085815842675905844668612459686688e-13606,8.0,True,120,9,coefficient_tail_bound,0.01,-13599.7848084842241102038239309,-13605.3445715171009039549986921,-107735195702569.982371114642349,-13589.5382304968399995189385557,-13589.5382304968399995189385557,1.04142712557823047783289972696733435833054414041026720227915e-107735195702570,2.89580626365200011519264244515525962140311035043019830565217e-13590,2.89580626365200011519264244515525962140311035043019830565217e-13590,100
2.50104899393237405053763061397852728366068895867955945708351e-13600,6.89222055206231826096128365845052712648999382352171367141619e-13607,8.0,True,120,10,coefficient_tail_bound,0.01,-13599.6018778006381234957624806,-13606.1616408335149172469372418,-107735195702568.176191140658461,-13587.775516216637202654127033,-13587.775516216637202654127033,6.66513360370067673738143255925786782272874332422586664461956e-107735195702569,1.67680972219087244765440629205180747601246770767767673317764e-13588,1.67680972219087244765440629205180747601246770767767673317764e-13588,100
3.47972033938417259205235563683969013378878463816286533159445e-13600,8.71743310932783337354786865890975763034307519180612005870823e-13608,8.0,True,120,11,coefficient_tail_bound,0.01,-13599.4584556583358103985615632,-13607.0596113763708291904865244,-107735195702566.370011166674574,-13586.0088447839369890937051326,-13586.0088447839369890937051326,4.26568550636843418664467639419241082353539926094199075098634e-107735195702567,9.79840115923709812890226981094621412069894173529911969300324e-13587,9.79840115923709812890226981094621412069894173529911969300324e-13587,100
4.45404203441174091782701521515480337124964433684846762444089e-13600,9.29859531661635559845105990283707480569928020459319472928878e-13609,8.0,True,120,12,coefficient_tail_bound,0.01,-13599.3512456886879420320653909,-13608.0315826527705856517128578,-107735195702564.563831192690687,-13584.2388769826075466531274443,-13584.2388769826075466531274443,2.73003872407579856727375100829460978092090841589893132876459e-107735195702565,5.76929860255880337829765646468513087426753689374412167524031e-13585,5.76929860255880337829765646468513087426753689374412167524031e-13585,100
5.27886463337687812483201803277606325481439328811670236970772e-13600,8.47735185560465467665053894275744711630703608395960773040572e-13610,8.0,True,120,13,coefficient_tail_bound,0.01,-13599.2774594745270233678817802,-13609.0717397909165037567357522,-107735195702562.7576512187068,-13582.4661207641106091841575725,-13582.4661207641106091841575725,1.74722478340851152326074183955611086192924923683395192772664e-107735195702563,3.41884361633114274269490753462822570326965149258910914088315e-13583,3.41884361633114274269490753462822570326965149258910914088315e-13583,100
5.82495407820896896533188196720117324669174431792187847691887e-13600,6.68165663495933373529106517655759378625185110065781890081239e-13611,8.0,True,120,14,coefficient_tail_bound,0.01,-13599.2347074941060734791459325,-13610.1751158461737918939258597,-107735195702560.951471244722912,-13580.6909750238666907883229022,-13580.6909750238666907883229022,1.1182238613814476566184211416344916990334099772322582202748e-107735195702561,2.03715923069662574461268973097847379836205440661861399842968e-13581,2.03715923069662574461268973097847379836205440661861399842968e-13581,100
6.01285582266732280292323299840121109335921994108064875036786e-13600,4.59812929717631568880245345483533335828084376819462806077412e-13612,8.0,True,120,15,coefficient_tail_bound,0.01,-13599.2209192096204401827439421,-13611.3374188207438398396051583,-107735195702559.145291270739025,-13578.9137587458181202093743261,-13578.9137587458181202093743261,7.15663271284126680543979203810057221415216309910457180320164e-107735195702560,1.21966694586223786516166198086969269992257192860778954228564e-13579,1.21966694586223786516166198086969269992257192860778954228564e-13579,100
5.83064807046528271798616533178299257537863751862365939429611e-13600,2.78674502859170647806209300293050506562475379890583518834795e-13613,8.0,True,120,16,coefficient_tail_bound,0.01,-13599.2342831711784216847204755,-13612.5549027649577461224366473,-107735195702557.339111296755138,-13577.1347310178778478364704165,-13577.1347310178778478364704165,4.58024493621841190945388081263443591134542246989628505321656e-107735195702558,7.33278551694145431660829506074384944438297789805410439968095e-13578,7.33278551694145431660829506074384944438297789805410439968095e-13578,100
5.33087823585397277073020830334445035463189715988448858907073e-13600,1.49875362882243037475608363182817079159650624478969287440562e-13614,8.0,True,120,17,coefficient_tail_bound,0.01,-13599.2732012372087913441502584,-13613.8242697523663897104066001,-107735195702555.53293132277125,-13575.3541051483663488226412326,-13575.3541051483663488226412326,2.93135675917978436059282862136645573254717537701818126600609e-107735195702556,4.42481228908010043333620547665457429329624266305436242632176e-13576,4.42481228908010043333620547665457429329624266305436242632176e-13576,100
4.61048928506289536928018015424384895535731646260280094189901e-13600,7.20121863698465044927847991268790770737060057556609188903601e-13616,8.0,True,120,18,coefficient_tail_bound,0.01,-13599.3362529829558803648900146,-13615.142594003216784800950151,-107735195702553.726751348787363,-13573.5720588540991810126687726,-13573.5720588540991810126687726,1.87606832587506246344651105449423656113602623649804154437195e-107735195702554,2.67880527771335810018191899127195849107664420682210049593534e-13574,2.67880527771335810018191899127195849107664420682210049593534e-13574,100
3.78296556723109363633245551117444016849831094367409308053252e-13600,3.10983800787461287958045016472352289657029984369925695612891e-13617,8.0,True,120,19,coefficient_tail_bound,0.01,-13599.4221676116624735953228532,-13616.507262232876206992919323,-107735195702551.920571374803476,-13571.7887417630747980510794216,-13571.7887417630747980510794216,1.200683728560040279112711546441074960770935698860002992919e-107735195702552,1.62651561477570050800789337726461479663320345686018819855766e-13572,1.62651561477570050800789337726461479663320345686018819855766e-13572,100
2.95255849149743893567411161847761183882795000481880435553758e-13600,1.21359532014619039203139518623356991085670237802897832434299e-13618,8.0,True,120,20,coefficient_tail_bound,0.01,-13599.5298014900623031137635705,-13617.9159261069400177065737793,-107735195702550.114391400819589,-13570.004281038784147167804867,-13570.004281038784147167804867,7.68437586278425972236579851523834209909094244509202482253878e-107735195702551,9.90190969385402065362854114549385007901579470322690181365834e-13571,9.90190969385402065362854114549385007901579470322690181365834e-13571,100
2.19725283088181502189701329747171113587196279428376138086517e-13600,4.30067001602193715891524318488086790115331961206282462668612e-13620,8.0,True,120,21,coefficient_tail_bound,0.01,-13599.6581199673219836640999642,-13619.3664638789336175249174172,-107735195702548.308211426835701,-13568.21878566366011102841811,-13568.21878566366011102841811,4.9180005521819274613825556052830592031257762448623077933418e-107735195702549,6.04246768294719771979564929436647967612498727936450938582314e-13569,6.04246768294719771979564929436647967612498727936450938582314e-13569,100
1.5624909019604017933489872337576612521756179870462303152819e-13600,1.39011556073436352611401799915341184683743664228293321266622e-13621,8.0,True,120,22,coefficient_tail_bound,0.01,-13599.8061825027774213674075867,-13620.8569490952112614641889785,-107735195702546.502031452851814,-13566.4323497478719810101069054,-13566.4323497478719810101069054,3.14752035339643436828864010292109044380190199232814007342386e-107735195702547,3.69530468077126402775058374624367823748799222062469551773006e-13567,3.69530468077126402775058374624367823748799222062469551773006e-13567,100
1.06382359282410334866314024426053532063020799118041212955363e-13600,4.11505068857535918923668602894627003689157932960720284970574e-13623,8.0,True,120,23,coefficient_tail_bound,0.01,-13599.9731303823932328557531116,-13622.3856248108446658314022805,-107735195702544.695851478867927,-13564.6450551180484676238623745,-13564.6450551180484676238623745,2.01441302617371850322716455581531045452279399210272357808184e-107735195702545,2.26435691077047668083440025301740283488625906285087725341757e-13565,2.26435691077047668083440025301740283488625906285087725341757e-13565,100
6.94741938170843003208581384006880209391156239138228329504414e-13601,1.11974168396608413312562885141395103044668825295434091148456e-13624,8.0,True,120,24,coefficient_tail_bound,0.01,-13600.1581764841018405411088496,-13623.9508821542648795396942631,-107735195702542.889671504884039,-13562.8569733661573766495901542,-13562.8569733661573766495901542,1.28922433675118016687974364528728240708419078472130416890325e-107735195702543,1.39003787501991711345915835940333627088527903286845689352654e-13563,1.39003787501991711345915835940333627088527903286845689352654e-13563,100
4.35916510224842668679894201729807190206215679459280520473358e-13601,2.81033206956193664784471554864677905680737443878736542490242e-13626,8.0,True,120,25,coefficient_tail_bound,0.01,-13600.360596681879870930875353,-13625.5512423607149475390332887,-107735195702541.083491530900152,-13561.0681674882429121827184861,-13561.0681674882429121827184861,8.25103575520755514684225263905875068384042845125118731455115e-107735195702542,8.54737014914207856432925610801737754018869617073623689823379e-13562,8.54737014914207856432925610801737754018869617073623689823379e-13562,100
2.63194874098018215052011593497242077105639655522584465191461e-13601,6.5261702631336700095087734075977452697994181452246512044178e-13628,8.0,True,120,26,coefficient_tail_bound,0.01,-13600.5797225731607540004396508,-13627.1853415999666485730178305,-107735195702539.277311556916265,-13559.2786932077618776912338473,-13559.2786932077618776912338473,5.28066288333283662441865340689916253262731934691136816738319e-107735195702540,5.26388984279240461018314942199409816814639703797793910110096e-13560,5.26388984279240461018314942199409816814639703797793910110096e-13560,100
1.5313156311157423421207947258021357213419034503132187065685e-13601,1.40631278397493225794128450534092827362681064408881372755131e-13629,8.0,True,120,27,coefficient_tail_bound,0.01,-13600.8149352843350918699074174,-13628.8519180752999737543706809,-107735195702537.471131582932378,-13557.4886000536714453198548827,-13557.4886000536714453198548827,3.37962424533301629110928967987289281556811575619647820060186e-107735195702538,3.24638442668215207958931687989163290660955977324021262380626e-13558,3.24638442668215207958931687989163290660955977324021262380626e-13558,100
8.59685968345679911366060196941549878648086147544263133512142e-13602,2.81967475483695690815295138915474340576804139165676937854899e-13631,8.0,True,120,28,coefficient_tail_bound,0.01,-13601.0656601616876772926700843,-13630.5498009839947783982730418,-107735195702535.66495160894849,-13555.6979322458658057018673496,-13555.6979322458658057018673496,2.16295951701313097125801035477168042506299751454488879058358e-107735195702536,2.00478476875810093336042024863483295285362287750974533961369e-13556,2.00478476875810093336042024863483295285362287750974533961369e-13556,100
4.6627035571291113836803264918863722231760604612570203851506e-13602,5.27350041816380017889505812115440029132538425090687434912728e-13633,8.0,True,120,29,coefficient_tail_bound,0.01,-13601.3313621950099155068620462,-13632.2779010152159726997978505,-107735195702533.858771634964603,-13553.9067294278515713220142112,-13553.9067294278515713220142112,1.38429409088840417037188820123198978730391058972151886724999e-107735195702534,1.23956861634399189913539204525760518847627394189077135574758e-13554,1.23956861634399189913539204525760518847627394189077135574758e-13554,100
2.44600842341199285701263029082563788756776942229876479221015e-13602,9.22142149624271069533562075830277646570558994694098246841929e-13635,8.0,True,120,30,coefficient_tail_bound,0.01,-13601.6115420517007765646791002,-13634.0352021266264961949099324,-107735195702532.052591660980716,-13552.11502727723630699435687,-13552.11502727723630699435687,8.85948218168578892248735856262579099550385123269938368098936e-107735195702533,7.67313294313920231333645961129953637981378754849106990049653e-13553,7.67313294313920231333645961129953637981378754849106990049653e-13553,100
1.24241697697117097499054236994318114924077177005651545001151e-13602,1.51093439774586145545693734903066485869216015515674059902415e-13636,8.0,True,120,31,coefficient_tail_bound,0.01,-13601.9057326228344522939126778,-13635.8207543915944446038102141,-107735195702530.246411686996828,-13550.3228580176952344944909602,-13550.3228580176952344944909602,5.67006859627890633894056488791550213845408524535742230546789e-107735195702531,4.75490650952626124305802195595450635345921056973160903040293e-13551,4.75490650952626124305802195595450635345921056973160903040293e-13551,100
6.11651434816576479995343935972027642703149179104746067697972e-13603,2.3245144580705560853183651523548690133725540848565239984987e-13638,8.0,True,120,32,coefficient_tail_bound,0.01,-13602.2134960011574018918367496,-13637.6336677482373001778029804,-107735195702528.440231713012941,-13548.530250850900621191899021,-13548.530250850900621191899021,3.62884390161850097119310098928077943858667465301303535149362e-107735195702529,2.94950508406305928184768377329362609494577492571659194008994e-13549,2.94950508406305928184768377329362609494577492571659194008994e-13549,100
9.69258356584364137310741394453896025004010553792755374326881e-13603,9.69258356584364137310741394453896025004010553792755374326881e-13603,8.0,True,120,0,coefficient_tail_bound,0.1,-13602.01356044597942457167362,-13602.01356044597942457167362,-107735195702583.736454664734603,-13602.01356044597942457167362,-13602.01356044597942457167362,1.83461666964907856869588876628010841206259349026762688757146e-107735195702584,9.69258356584364137310741394453896025004010553792755374326881e-13603,9.69258356584364137310741394453896025004010553792755374326881e-13603,100
1.03387558035665507979812415408415576000427792404560573261534e-13601,1.03387558035665507979812415408415576000427792404560573261534e-13601,8.0,True,120,1,coefficient_tail_bound,0.1,-13600.9855317223791810328999534,-13600.9855317223791810328999534,-107735195702581.930274690750716,-13600.6845017267151998376862145,-13600.6845017267151998376862145,1.17415466857541057978843418479763296620672502902997244952119e-107735195702582,2.06775116071331015959624830816831152000855584809121146523068e-13601,2.06775116071331015959624830816831152000855584809121146523068e-13601,100
6.61680371428259251070799458613859686402737871389187668873817e-13601,3.30840185714129625535399729306929843201368935694593834436909e-13601,8.0,True,120,2,coefficient_tail_bound,0.1,-13600.17935174839529386161752,-13600.4803817440592750568312589,-107735195702580.124094716766828,-13599.1001705023476690338950143,-13599.1001705023476690338950143,7.5145898788826296039135971787273319124102319259684097216583e-107735195702581,7.94016445713911101284959350336631623683285445667025202648581e-13600,7.94016445713911101284959350336631623683285445667025202648581e-13600,100
3.02482455510061371918079752509192999498394455492200077199459e-13600,5.04137425850102286530132920848654999163990759153666795332432e-13601,8.0,True,120,3,coefficient_tail_bound,0.1,-13599.5192998100896447162610418,-13600.2974510604732883487698086,-107735195702578.317914742782941,-13597.4401185640420198885385361,-13597.4401185640420198885385361,4.80933752248488415819597796784049077879677322072769706646872e-107735195702579,3.62978946612073646301695703011031599398073346590640092639351e-13598,3.62978946612073646301695703011031599398073346590640092639351e-13598,100
1.07549317514688487793095023114379733154984695286115583004252e-13599,4.48122156311202032471229262976582221479102897025481595851051e-13601,8.0,True,120,4,coefficient_tail_bound,0.1,-13598.9683923412090636147824032,-13600.3486035829206696377186477,-107735195702576.511734768799054,-13595.7430830594832007611339423,-13595.7430830594832007611339423,3.0779760143903266367278423944295038042530688535628772604844e-107735195702577,1.80682853424676659492399638832157951700374288080674179447144e-13596,1.80682853424676659492399638832157951700374288080674179447144e-13596,100
3.12870741860911964489003703605468314632682749923245332376006e-13599,2.60725618217426637074169753004556928860568958269371110313339e-13601,8.0,True,120,5,coefficient_tail_bound,0.1,-13598.5046350480473826794639086,-13600.5838162940950075071864143,-107735195702574.705554794815167,-13594.0240532612182137560116531,-13594.0240532612182137560116531,1.96990464920980954381456568924254993202728510340061684261751e-107735195702575,9.46121123387397780614747199702936183449232635767893885105043e-13595,9.46121123387397780614747199702936183449232635767893885105043e-13595,100
7.70143364580706374126778347336537389865065230580296202771708e-13599,1.06964356191764774184274770463407970814592393136152250384959e-13601,8.0,True,120,6,coefficient_tail_bound,0.1,-13598.1134284220343134726017193,-13600.9707609184655819328329918,-107735195702572.899374820831279,-13592.2904239543829383131855249,-13592.2904239543829383131855249,1.26073897549427842567891983747229920954311771056653745013624e-107735195702573,5.12360977588252336579063098916051594729430596600459457779962e-13593,5.12360977588252336579063098916051594729430596600459457779962e-13593,100
1.64297251110550693147046047431794643171213915857129856591298e-13598,3.259866093463307403711231099837195301016149124149401916494e-13602,8.0,True,120,7,coefficient_tail_bound,0.1,-13597.7843697027700887386143139,-13601.4868002392156140295578026,-107735195702571.093194846847392,-13590.5463918871478956147778754,-13590.5463918871478956147778754,8.06872944316338395722571285650896971109774550854884997554558e-107735195702572,2.84189555568950629355853665532103284543257504247721512581952e-13591,2.84189555568950629355853665532103284543257504247721512581952e-13591,100
3.09265413855154245923851383401025210675226194554597377113031e-13598,7.67027316109013506755583788196987129650858617446918097998589e-13603,8.0,True,120,8,coefficient_tail_bound,0.1,-13597.5096686458284566910857893,-13602.1151891692659255676704947,-107735195702569.287014872863505,-13588.7945695754866011299543229,-13588.7945695754866011299543229,5.16398684362456703366805680204559925225544721092620748842996e-107735195702570,1.60483513733054473048011481712246560683251296516360383575691e-13589,1.60483513733054473048011481712246560683251296516360383575691e-13589,100
5.20868065440259782608591803622779302189854643460374529874578e-13598,1.43537275529172118223267141650898176308932606773692275648859e-13603,8.0,True,120,9,coefficient_tail_bound,0.1,-13597.2832722684613796765534283,-13602.8430353013381734277281895,-107735195702567.480834898879617,-13587.0366942810772689916680531,-13587.0366942810772689916680531,3.30495157991972373421546072059271262319825945557816487343723e-107735195702568,9.18979278639806666717034168962759252754617950577895249107113e-13588,9.18979278639806666717034168962759252754617950577895249107113e-13588,100
7.93703718766110144927377986472806555717873742415808807427929e-13598,2.18723467473024180149740406325178173423135400798007277179213e-13604,8.0,True,120,10,coefficient_tail_bound,0.1,-13597.100341584875392968491978,-13603.6601046177521867196667392,-107735195702565.67465492489573,-13585.2739800008744721268565304,-13585.2739800008744721268565304,2.11516901114862372280535365624106323131517202071994534708904e-107735195702566,5.3213276325047852701329216640891202445219782281081934424488e-13586,5.3213276325047852701329216640891202445219782281081934424488e-13586,100
1.10428343480502281033374328552738303404225911988286442772581e-13597,2.76646282969832955130106442782834053341515131444119876274104e-13605,8.0,True,120,11,coefficient_tail_bound,0.1,-13596.9569194425730798712910606,-13604.5580751606080986632160218,-107735195702563.868474950911843,-13583.50730856817425856643463,-13583.50730856817425856643463,1.35370816713511952365619996883395770312236101455878201306331e-107735195702564,3.109506233950622349155933355015555482016321190685831298544e-13584,3.109506233950622349155933355015555482016321190685831298544e-13584,100
1.41348279655042919722719140547505028357409167345006646748904e-13597,2.95089368501155152138780205635022990230949473540394534692377e-13606,8.0,True,120,12,coefficient_tail_bound,0.1,-13596.8497094729252115047948884,-13605.5300464370078551244423553,-107735195702562.062294976927956,-13581.7373407668448161258569418,-13581.7373407668448161258569418,8.66373226966476713418863102511236349250534295698408647823293e-107735195702563,1.83087727055012643918301355943315906781120991707581746858271e-13582,1.83087727055012643918301355943315906781120991707581746858271e-13582,100
1.67523886998569386338037499908154107682855309445933803554257e-13597,2.69027344502477631579514717388055147788899804937111826500173e-13607,8.0,True,120,13,coefficient_tail_bound,0.1,-13596.7759232587642928406112776,-13606.5702035751537732294652497,-107735195702560.256115002944068,-13579.9645845483478786568870699,-13579.9645845483478786568870699,5.54478865258545236286565263980063844674153087303928105739788e-107735195702561,1.0849643084741490009973413685529831512955318027115955369379e-13580,1.0849643084741490009973413685529831512955318027115955369379e-13580,100
1.84853944274283460786799999898652808477633444905857990128835e-13597,2.12041256750721285974001747695018835695684575319891094778461e-13608,8.0,True,120,14,coefficient_tail_bound,0.1,-13596.7331712783433429518754299,-13607.6735796304110613666553571,-107735195702558.449935028960181,-13578.1894388081039602610523996,-13578.1894388081039602610523996,3.54866473765469040630437211105924363942625590903886279970128e-107735195702559,6.46489077601148094387381339606743063944372053477805892354721e-13579,6.46489077601148094387381339606743063944372053477805892354721e-13579,100
1.90816974734744217586374193443770641009170007644756634971701e-13597,1.45920864860711422605764643575066725640040998069602473826038e-13609,8.0,True,120,15,coefficient_tail_bound,0.1,-13596.7193829938577096554734395,-13608.8358826049811093123346557,-107735195702556.643755054976294,-13576.4122225300553896821038235,-13576.4122225300553896821038235,2.27114543209900243223982498089377867972173883289751405056602e-107735195702557,3.87059267105719633284832182680682298929275655243486366519472e-13577,3.87059267105719633284832182680682298929275655243486366519472e-13577,100
1.85034642167024695841332551218201833705861825594915524821043e-13597,8.84368877943705591550088748939798337212369685270318023188109e-13611,8.0,True,120,16,coefficient_tail_bound,0.1,-13596.7327469554156911574499729,-13610.0533665491950155951661447,-107735195702554.837575080992407,-13574.633194802115117309199914,-13574.633194802115117309199914,1.45353307654336192284470515885435504592136716745775665286525e-107735195702555,2.32704723011438712859729409223779903356267545455477863992313e-13575,2.32704723011438712859729409223779903356267545455477863992313e-13575,100
1.69174529981279721912075475399498819388216526258208479836382e-13597,4.75626959566362671085762016236530198164635797120171037681e-13612,8.0,True,120,17,coefficient_tail_bound,0.1,-13596.7716650214460608168797558,-13611.3227335366036591831360975,-107735195702553.031395107008519,-13572.8525689326036182953707301,-13572.8525689326036182953707301,9.30261168987751864995790291159600811140708712762775151876838e-107735195702554,1.4042067857147387473135671779446375882526773028627692821479e-13573,1.4042067857147387473135671779446375882526773028627692821479e-13573,100
1.46313107010836516248281492237404384335754833520612739317952e-13597,2.28529470061915998119285052846380875995020202820502600687568e-13613,8.0,True,120,18,coefficient_tail_bound,0.1,-13596.834716767193149837619512,-13612.6410577874540542736796484,-107735195702551.225215133024632,-13571.07052263833645048539827,-13571.07052263833645048539827,5.95367148152161343597420339617620795178960257800651795959847e-107735195702552,8.50114378378652647022267696917834648023242475246649511354403e-13572,8.50114378378652647022267696917834648023242475246649511354403e-13572,100
1.2005178011145560307551301927171641791651678647845147841473e-13597,9.86901895004225632903795100011361407805755261842926210796513e-13615,8.0,True,120,19,coefficient_tail_bound,0.1,-13596.9206313958997430680523506,-13614.0057260171134764656488205,-107735195702549.419035159040745,-13569.287205547312067523808919,-13569.287205547312067523808919,3.81034974817383355902422331451630499171911703516962033545714e-107735195702550,5.16172012307858837986853822128572422184368764457452831509545e-13570,5.16172012307858837986853822128572422184368764457452831509545e-13570,100
9.3698950330892178010156502846217692032403345544157251445643e-13598,3.85132446830917320157578575614189817680294736328946813969371e-13616,8.0,True,120,20,coefficient_tail_bound,0.1,-13597.028265274299572586493068,-13615.4143898911772871793032767,-107735195702547.612855185056857,-13567.5027448230214166405343645,-13567.5027448230214166405343645,2.43862383883125409217597213150740520329834050789011127374943e-107735195702548,3.14235449444003819418338326837296772139557179533122504255567e-13568,3.14235449444003819418338326837296772139557179533122504255567e-13568,100
6.97294514090360394494187928157899103496955129630937685176878e-13598,1.36481044281166713677104257139026291979727924280468416910519e-13617,8.0,True,120,21,coefficient_tail_bound,0.1,-13597.1565837515592531368294617,-13616.8649276631708869976469146,-107735195702545.80667521107297,-13565.7172494478973805011476074,-13565.7172494478973805011476074,1.56071925685200301220892245870379827382229634069128495213594e-107735195702546,1.91756702172340935384585992935131797696325125370910104922467e-13566,1.91756702172340935384585992935131797696325125370910104922467e-13566,100
4.95853876686478502751422526690061584708945869959777909459113e-13598,4.41150850201750993703771336206953671045585209795453468801678e-13619,8.0,True,120,22,coefficient_tail_bound,0.1,-13597.3046462870146908401370841,-13618.3554128794485309369184759,-107735195702544.000495237089083,-13563.9308135321092504828364028,-13563.9308135321092504828364028,9.98860324385282179472142562075555427675024374195249811813085e-107735195702545,1.1726987652850716759519570056832949050228594333794324638814e-13564,1.1726987652850716759519570056832949050228594333794324638814e-13564,100
3.37602639446113023149904699023020653418856762525806236227481e-13598,1.30590445943164031438674216083464546470478507987553293262291e-13620,8.0,True,120,23,coefficient_tail_bound,0.1,-13597.471594166630502328482609,-13619.8840885950819353041317779,-107735195702542.194315263105196,-13562.1435189022857370965918719,-13562.1435189022857370965918719,6.39270607606580755923567840371716331876649229175115768795727e-107735195702543,7.18589881706597112072688548163380707758688333645269254463495e-13563,7.18589881706597112072688548163380707758688333645269254463495e-13563,100
2.20475193107665647771366334055850222640886048996444888964886e-13598,3.55348152226296684186868615193100806722390497925315083706915e-13622,8.0,True,120,24,coefficient_tail_bound,0.1,-13597.6566402683391100138383471,-13621.4493459385021490124237606,-107735195702540.388135289121308,-13560.3554371503946461223196516,-13560.3554371503946461223196516,4.09133188868211786870377242249701342368968620978534229538825e-107735195702541,4.41126196770090635329519827117438605905741736245912228046162e-13561,4.41126196770090635329519827117438605905741736245912228046162e-13561,100
1.38337376067554916248700444897788374990359873880122283272085e-13598,8.91854185979725011292532994994449083538548700675300602244806e-13624,8.0,True,120,25,coefficient_tail_bound,0.1,-13597.8590604661171404036048504,-13623.0497061449522170117627861,-107735195702538.581955315137421,-13558.5666312724801816554479836,-13558.5666312724801816554479836,2.61845240875655609567789482663395950770834769042568611303387e-107735195702539,2.71249363347255731841838074086330876102040408797486421010346e-13559,2.71249363347255731841838074086330876102040408797486421010346e-13559,100
8.35244534747501381124229101269665660319153955502625106548439e-13599,2.07106922723883892317569345717143473680940191738821620260042e-13625,8.0,True,120,26,coefficient_tail_bound,0.1,-13598.0781863573980234731691482,-13624.683805384203918045747328,-107735195702536.775775341153534,-13556.7771569919991471639633447,-13556.7771569919991471639633447,1.67580954160419632344664019383690422080486450652270792135329e-107735195702537,1.67048664521781643156935749776940373508879225342452014750522e-13557,1.67048664521781643156935749776940373508879225342452014750522e-13557,100
4.85960456580364439926824204375078202367507755928800061991819e-13599,4.46291011930254852132135963834921963487547887922039855105815e-13627,8.0,True,120,27,coefficient_tail_bound,0.1,-13598.3133990685723613426369148,-13626.3503818595372432271001783,-107735195702534.969595367169646,-13554.9870638379087147925843801,-13554.9870638379087147925843801,1.0725181066266859172220337271221037478130313124093992621922e-107735195702535,1.0302346728325151519787746604425122671674878770210858800614e-13555,1.0302346728325151519787746604425122671674878770210858800614e-13555,100
2.7281990544862565048523464105267548203088154718809828041646e-13599,8.94819071539358099513054564080044037067765188816120010237222e-13629,8.0,True,120,28,coefficient_tail_bound,0.1,-13598.5641239459249467653995817,-13628.0482647682320478710025392,-107735195702533.163415393185759,-13553.196396030103075174596847,-13553.196396030103075174596847,6.86411588241079159960459347320783970464699711235759352118162e-107735195702534,6.36215096205342690344787158729411084285887250370916192599323e-13554,6.36215096205342690344787158729411084285887250370916192599323e-13554,100
1.47970118209424081619110313791281617372681517118968558869944e-13599,1.67353654525186786583388346292001222595958422221600469477447e-13630,8.0,True,120,29,coefficient_tail_bound,0.1,-13598.8298259792471849795915436,-13629.7763647994532421725273479,-107735195702531.357235419201872,-13551.4051932120888407947437087,-13551.4051932120888407947437087,4.39303416474290773055242949941445558038240970124030617334184e-107735195702532,3.93375028975777988877590433058456209402528252432729198407174e-13552,3.93375028975777988877590433058456209402528252432729198407174e-13552,100
7.76236685688782067510086892019837992774722712755244898989872e-13600,2.92640270207976894572045195701860061369981940496787706190071e-13632,8.0,True,120,30,coefficient_tail_bound,0.1,-13599.1100058359380460374085977,-13631.5336659108637656676394298,-107735195702529.551055445217985,-13549.6134910614735764670863674,-13549.6134910614735764670863674,2.81154186543546165590906827262492893393098937858865640347816e-107735195702530,2.43505591706973391147833028726021417492450275604259910358277e-13550,2.43505591706973391147833028726021417492450275604259910358277e-13550,100
3.94278951460968669211472707057695488393509949335997409010729e-13600,4.79492506229148009539449373397824985347640660312196958427151e-13634,8.0,True,120,31,coefficient_tail_bound,0.1,-13599.4041964070717217666421753,-13633.3192181758317140765397115,-107735195702527.744875471234097,-13547.8213218019325039672204576,-13547.8213218019325039672204576,1.79938679387869591312933226599997646750857697720066274016181e-107735195702528,1.50896163495876844292244467324823430776273948564925506355351e-13548,1.50896163495876844292244467324823430776273948564925506355351e-13548,100
1.94106560719246114073340409628403932747574128903875647512974e-13600,7.37680778814073860829922112919730746688677938941841474503309e-13636,8.0,True,120,32,coefficient_tail_bound,0.1,-13599.711959785394671364566247,-13635.1321315324745696505324778,-107735195702525.93869549725021,-13546.0287146351378906646285184,-13546.0287146351378906646285184,1.15160754808236567454519093601294518726583445664797376619375e-107735195702526,9.36020509562116055671276449621058573676825477867353294807349e-13547,9.36020509562116055671276449621058573676825477867353294807349e-13547,100
