A_ball,A_rad,abs_tol,c_ball,c_rad,cache_A,cache_A_exact_contained,cache_A_radius,cache_A_radius_contains_A_ball,cache_A_radius_overlaps_A_ball,cutoff,dps,elapsed_seconds,full_mu_ball,full_mu_rad,k,kind,lam,n_sum,retained_mu_ball,retained_mu_rad,tail_mu_bound
[2.55583469697035814660679950231687210230284024100499988585629918135208810068400966038307745778179074861380198458248032757117204974e-4150 +/- 4.02e-4279],2.575156910966725035053199158609416679312e-4279,1e-150,[7.92887168600166998421267569830265956961351487307745203505311077279520474206262971136980198655319949594833263370775629718703629561e-7521 +/- 9.03e-7650],7.988814249685061035107482222867490522385e-7650,,,,,,7,220,7.534909499983769,[3.29840201265246160112158279974361512467698152138479870646480707107395917145142997735137703027661442164895373684741832056997801363e-21 +/- 4.91e-150],3.323338042612597523444829478776925785734e-150,1263,acb_coefficient_enclosure,-100.0,70,[3.29840201265246160112158279974361512467698152138479870646480707107395917145142997735137703027661442164895373684741832056997801363e-21 +/- 4.91e-150],3.323338038060387604499390792686248713308e-150,2.570849865648220122037568374531836485270004705669135854064695205073431342204831275132198741723173612e-4520
[7.7829333206542390839425266322992572018387293877308391614797033436968851072823453037946456259691374086578712212219265048953408372e-4154 +/- 1.21e-4282],6.500709607587898995423043600610359547392e-4283,1e-150,[1.91018250781774769041719148639254837272702149842654620356657693641501925472001095854563411210829646107825244704020672512686932190e-7527 +/- 4.90e-7656],1.595483505324978134598130982546521448568e-7656,,,,,,7,220,9.115237799996976,[5.07632445548609730389946988239878156410910619628647137694678689348910381345425390435150368194847189626130690986684465911397345495e-21 +/- 8.19e-150],4.240009470752006632560313563757846273104e-150,1264,acb_coefficient_enclosure,-100.0,70,[5.07632445548609730389946988239878156410910619628647137694678689348910381345425390435150368194847189626130690986684465911397345495e-21 +/- 8.19e-150],4.240009466199796713614874877667169200678e-150,1.258720217137839304749141276550634990571719227639657607188029871007542463763656872205196697494616553e-4518
[2.36883745055269331235301692808002689426852368816218822055119198988228944387535993873526425164221130033870713301396346234683425232e-4157 +/- 5.90e-4286],1.06796372896857348370168036137173137481e-4286,1e-150,[4.59596051650816149676724916342399470846521511277079922865489980871227795622625385629067409039795389058730001686278599570954832552e-7534 +/- 5.69e-7663],2.072037114701378600234550960189757028595e-7663,,,,,,7,220,8.55687599995872,[7.81484103417234458422020892637392426655173447017272056867791326376473095785495856215314294692898781738512958537776663831889362123e-21 +/- 5.96e-150],3.523233182344056375033676880457867099149e-150,1265,acb_coefficient_enclosure,-100.0,70,[7.81484103417234458422020892637392426655173447017272056867791326376473095785495856215314294692898781738512958537776663831889362123e-21 +/- 5.96e-150],3.523233177791846456088238194367190026723e-150,6.162855315208936565935137737314549137362229095548558290807896074481456722720510598994080598586739542e-4517
[7.20624075182205126065756429462927376037366482492425571256480656500858978745079903932999744339984519316088680853212123288514371134e-4161 +/- 6.39e-4290],2.999665278687080221228349618823125736075e-4290,1e-150,[1.104373787812910295604162595336228316408816969942887633716854368690566964342525379548666913373470028463292439505841908220414920371e-7540 +/- 7.09e-7670],4.597059429011292527817998802586680001833e-7670,,,,,,7,220,8.247484799998347,[1.203416040169554180382829509119349912676198135199477848387093957414750249028041105103934131522521896050169891658191114470703925589e-20 +/- 6.07e-150],5.009332068477271414039971573497183391128e-150,1266,acb_coefficient_enclosure,-100.0,70,[1.203416040169554180382829509119349912676198135199477848387093957414750249028041105103934131522521896050169891658191114470703925589e-20 +/- 6.07e-150],5.009332059372851576149094201315829246276e-150,3.017414738795487974617883328243241490195524240824463682067526503202194162238748535241401033383848603e-4515
[2.191109001986860386793342131315001400610105830620845682524907171724587069745081094465213472712460226782545525890595375106998917594e-4164 +/- 8.70e-4294],4.812760449635163893850053362792881305887e-4294,1e-150,[2.65029789185206136304125039270310552878058346570090823844251574429741622100095122916869486473077465157222518738819344819521218888e-7547 +/- 3.05e-7676],5.82136664968756098060547651711181177354e-7677,,,,,,7,220,7.150052800017875,[1.853686116136836595787169300341057350716241675476518287401429505539678238079991327555694611987081294628412864135607862779892254652e-20 +/- 8.80e-150],4.071612673827622740034945060659350688555e-150,1267,acb_coefficient_enclosure,-100.0,70,[1.853686116136836595787169300341057350716241675476518287401429505539678238079991327555694611987081294628412864135607862779892254652e-20 +/- 8.80e-150],4.071612669275412821089506374568673616129e-150,1.477366726371122607280662031761603171749893026423707924367554978295647861280421112223104426274174111e-4513
[6.65887804206455690674588715473136017471885950975347266847968419229943516292080547704319871499180283058251603517112426876584238520e-4168 +/- 5.69e-4297],1.27911213153929744566507156000986147531e-4297,1e-150,[6.35202963019835676798060776107829684750908685072436989916101030738200272615963450837494643927718751685968652181929973416490648634e-7554 +/- 3.83e-7683],1.220169231328842478715008152253424504351e-7683,,,,,,7,220,7.444649900018703,[2.856151460546392736261947772974016267293639846722589000809263330335611023221329449319656507068471165670134256752283199689254646906e-20 +/- 6.65e-150],5.486416669094281896515162005661158261914e-150,1268,acb_coefficient_enclosure,-100.0,70,[2.856151460546392736261947772974016267293639846722589000809263330335611023221329449319656507068471165670134256752283199689254646906e-20 +/- 6.65e-150],5.486416659989862058624284633479804117062e-150,7.233390142537997424649879159450829246311114003832119819681349689751434729560406324587816961357766542e-4512
[2.022647271633709102204547396073994968828113302143834991206305936090741423490743228051478201629932647683997685011994642711120145230e-4171 +/- 5.49e-4301],2.473374004190159688842338395791343130278e-4301,1e-150,[1.520442446349323368552208672442952763583014600647533676360408202008990119440099043343667129211247015575866431716460650025410794383e-7560 +/- 6.00e-7690],1.859257845482034958750232728884966616713e-7690,,,,,,7,220,8.391143000044394,[4.402007612248630499870332256870512960511030495079528389136546709855197813254624191664928690037874109912867249878120127888971289438e-20 +/- 7.53e-150],5.382950982971424434722896044224065029891e-150,1269,acb_coefficient_enclosure,-100.0,70,[4.402007612248630499870332256870512960511030495079528389136546709855197813254624191664928690037874109912867249878120127888971289438e-20 +/- 7.53e-150],5.382950973867004596832018672042710885039e-150,3.541569235089901826902325435009101756977839760371730252635083198038873987931637618859729381320472754e-4510
[6.14074993089096441197883385745487505277049445670883095951565172912558002771348849969998079725444451940621098328264609422015760554e-4175 +/- 1.01e-4304],5.142049070611599093872746941135867363833e-4305,1e-150,[3.634691232671870354310687877809421192719108452059489200258507044961443171806195024198709252369395744171668711429575288822879295762e-7567 +/- 5.10e-7697],3.043563219026613244262892850646224210687e-7697,,,,,,7,220,8.561008799995761,[6.78648267584438424867301806090603581566912804039308536527986551241219273235600289102168031535668047949811977545059911201163832322e-20 +/- 3.14e-149],5.682763042539228452467493698216748355034e-150,1270,acb_coefficient_enclosure,-100.0,70,[6.78648267584438424867301806090603581566912804039308536527986551241219273235600289102168031535668047949811977545059911201163832322e-20 +/- 3.14e-149],5.682763033434808614576616326035394210182e-150,1.734003030723218324229615150314511447018378679368781316255739219800135189738539818181652074220627059e-4508
[1.863395275576740539452577745145302133647928037756100692299554427823497691838537609344801118467689685799209294691774816149145044438e-4178 +/- 2.71e-4308],9.828748967565505616323990740020818771169e-4309,1e-150,[8.677718362597649093867597173067800877549357835904221516404213869041758702298673647580886324160561559984036474961212389962186038254e-7574 +/- 5.77e-7704],4.577188541175454282653426732052093760512e-7704,,,,,,7,220,8.302637899992988,[1.0465572329603512533793463664679560600317036028548935720532950056443812400071179819452700468480286742790854067511864277367562090849e-19 +/- 5.90e-150],5.520218047734710056136953155225377517169e-150,1271,acb_coefficient_enclosure,-100.0,70,[1.0465572329603512533793463664679560600317036028548935720532950056443812400071179819452700468480286742790854067511864277367562090849e-19 +/- 5.90e-150],5.520218038630290218246075783044023372317e-150,8.489932495175666155387540414884369082061003184802500704116627389622297771889730799134066775821315554e-4507
[5.651595088715699546577972923954804526593894520764619387075145323976970249011879364401609119712948805629246426828376908631257519005e-4182 +/- 5.26e-4312],1.990283869958398753500791343524258777798e-4312,1e-150,[2.0691143303866794194791243265188763193137183822730543681538605613663265439418151010727398874142673107808191940809678593346464816812e-7580 +/- 7.43e-7711],7.286659446891485354680118952473106409504e-7711,,,,,,7,220,9.49161779996939,[1.6143785866215707710539048294261208492172402567108115288195969690382578074349578167374146175563676298798511292976727723727840508466e-19 +/- 8.47e-150],5.685247438415752439303059801773087337529e-150,1272,acb_coefficient_enclosure,-100.0,70,[1.6143785866215707710539048294261208492172402567108115288195969690382578074349578167374146175563676298798511292976727723727840508466e-19 +/- 8.47e-150],5.685247429311332601412182429591733192676e-150,4.156797714838327043710708245491145690406190270525285678734226283452517322050544933939876851610085136e-4505
[1.7132459377638230105244398628682901634596082991499941645257683290244475446873043106776257148978163263597050730719567312386249088334e-4185 +/- 5.59e-4316],3.808103909165695149344372919304661999656e-4316,1e-150,[4.927251797659424693673102404349275002511605277289935316020819032089591909617068688270886461424431256559585394778705817431047580699e-7587 +/- 4.94e-7717],1.095201005882980423148292807320023769972e-7717,,,,,,7,220,8.823930600017775,[2.4909891874277085270294481710360913613953609016125453596254322355847872311731263988543624470676729429135643043866269866115079996849e-19 +/- 8.31e-150],5.536826548909066704020343313808916402687e-150,1273,acb_coefficient_enclosure,-100.0,70,[2.4909891874277085270294481710360913613953609016125453596254322355847872311731263988543624470676729429135643043866269866115079996849e-19 +/- 8.31e-150],5.536826539804646866129465941627562257835e-150,2.035231484212460047059065063816149679317251502496489008898907297518438055148461743176177239026445492e-4503
[5.191001527171870907031887597414809529082154396593875759816052563852436935360071591093956279049385854800859012074461294854515035525e-4189 +/- 5.87e-4319],1.155515985134819079283166515375594418168e-4319,1e-150,[1.1718358345300728750884420761490911796791847443778114010416281288145353972676409779566368821303084842393143471052680538876543485112e-7593 +/- 4.30e-7724],2.608504407941553994874897180233184956179e-7724,,,,,,7,220,8.985199800052214,[3.844697975006289247301631172681644918370108182024491546319091046507555280136262820722462784303538674299681234652938024730693394801e-19 +/- 3.07e-149],8.558290585710024278540516935959818095946e-150,1274,acb_coefficient_enclosure,-100.0,70,[3.844697975006289247301631172681644918370108182024491546319091046507555280136262820722462784303538674299681234652938024730693394801e-19 +/- 3.07e-149],8.558290576605604440649639563778463951094e-150,9.964809530175270743550902203195250232555156503180436162322884560698062950046821142942975596791584025e-4502
[1.5720470069161049131481507817299302826868059409846117662586610816862381231496003353884039849802949230917021577807297338627016553112e-4192 +/- 4.23e-4323],1.46557361145648364675350676651374946988e-4323,1e-150,[2.7833701229620737045537486734995806463379515986841123707201856287093567125621204529916658984175040353187904441103317413068861815822e-7600 +/- 6.10e-7731],2.594854842907626532438977190622976964998e-7731,,,,,,7,220,8.836227799998596,[5.935761348125556544281135593330208926378073525965811857196482654467365600433887389496873133627197085782645031457310885390247801590e-19 +/- 1.10e-149],5.533737291796192598855678969808610018493e-150,1275,acb_coefficient_enclosure,-100.0,70,[5.935761348125556544281135593330208926378073525965811857196482654467365600433887389496873133627197085782645031457310885390247801590e-19 +/- 1.10e-149],5.53373728269177276096480159762725587364e-150,4.878928557931875700275387048535044881600829488058563924383734239575651746467259927772326911073561883e-4500
[4.7584222332151956024334957737654305809104268311038698963328878533774259925762385566039660765595286591088389914248171314899852349357e-4196 +/- 3.58e-4327],2.516278348934373378303130252178027652278e-4327,1e-150,[6.6026417660098304434264890132941488869396491525171364971147790780908191419524753708833606111580652941434462289234673024207341872925e-7607 +/- 3.65e-7738],3.491511185031691553761159915286615407551e-7738,,,,,,7,220,8.548339000029955,[9.1667277638936819516701425891438343300834378186096288423867935672870417447562597455096299764980529111309977222125231654329843060155e-19 +/- 5.77e-150],4.847413134550695664946490395232906243343e-150,1276,acb_coefficient_enclosure,-100.0,70,[9.1667277638936819516701425891438343300834378186096288423867935672870417447562597455096299764980529111309977222125231654329843060155e-19 +/- 5.77e-150],4.847413129998485746001051709142229170917e-150,2.388802157512442344922534687347560028026721837751008350897150004750164091878813253864524447932957939e-4498
[1.43960601140249404858870743485179373774005766128796981536487449456156333789046826836878316581745397616869805543336373127981062342508e-4199 +/- 8.08e-4331],4.749828163115322892335005618709298459576e-4331,1e-150,[1.56425485989662257636500059918305879861348051032150263541490766199237604803602447283310410747623891704429141708343959864477862721642e-7613 +/- 7.50e-7745],5.161093893858841455633358254008173339094e-7745,,,,,,7,220,8.744112899992615,[1.41604097249627307397785068505350048827556847132473480620583426435960998980711637334875266202908487146278246632666221353163510936168e-18 +/- 8.83e-150],4.672077786432496431648763504689785627568e-150,1277,acb_coefficient_enclosure,-100.0,70,[1.41604097249627307397785068505350048827556847132473480620583426435960998980711637334875266202908487146278246632666221353163510936168e-18 +/- 8.83e-150],4.672077781880286512703324818599108555141e-150,1.169596804298763209482482668427075212626453314039678636681725143421648835231952648214052504356435379e-4496
[4.3531908235874394267048263576400404864892943098981776023926965002311308689040843804038052012618374117404239902141288879884354889878e-4203 +/- 3.21e-4334],1.224657045012890610667744432603223599617e-4334,1e-150,[3.7011843117815496681443725263486291950913522033176878076752944976008900827390809847432178191770321005964526798410990513985711577229e-7620 +/- 5.56e-7751],1.041231963212570906079913241678083659767e-7751,,,,,,7,220,8.271543999959249,[2.1880677914221777060505628182125780421618325499750890302075075386394386885084394537028023430880756169656324095120106864868754881713e-18 +/- 1.10e-149],6.155559752754027144208462622381830468223e-150,1278,acb_coefficient_enclosure,-100.0,70,[2.1880677914221777060505628182125780421618325499750890302075075386394386885084394537028023430880756169656324095120106864868754881713e-18 +/- 1.10e-149],6.155559743649607306317585250200476323371e-150,5.726541725232055534265131704095724726037106869425012394187273341050970900542210081859925822561749208e-4495
[1.31569519037225077326749197244314055676198434261235910157530723748530732297715251416815832484807293035845508965122960436415431472713e-4206 +/- 7.51e-4338],3.369436571471472246582156688418317236742e-4338,1e-150,[8.7461666920855404774354557675603863619975734816559491113289125067249642622102292396672941515255720943656837491238593488626245821109e-7627 +/- 4.26e-7758],2.239854186375819795501197977413135337597e-7758,,,,,,7,220,11.27411190001294,[3.38196476888876278430793618600525827581418969711300660170769790989052495968971823502421567332243935777547741248734256137066016839063e-18 +/- 9.04e-150],8.661060530277709795265755542675870011468e-150,1279,acb_coefficient_enclosure,-100.0,70,[3.38196476888876278430793618600525827581418969711300660170769790989052495968971823502421567332243935777547741248734256137066016839063e-18 +/- 9.04e-150],8.661060521173289957374878170494515866616e-150,2.803812396949980203418058407976809840169469445060055013305611718328641254558949307489158601352986493e-4493
[3.97453703321998880535394739476153284151768359989267375259751583342813789706683360367391505401689987547203009570160836273150702049171e-4210 +/- 7.28e-4342],5.224746268400829418376014829473502354017e-4342,1e-150,[2.06413948441856591487810979612407247169606474565114298397187198342098152277922450545896606729232659434192201547431438201007802244106e-7633 +/- 7.30e-7765],2.713424216789180436249076621252050341194e-7765,,,,,,7,220,10.031436599965673,[5.22878303547992823827612230486263512541896763507223991666606051512502717733217425384276047813056575036970494884172204874592419822406e-18 +/- 8.29e-150],6.873521190805535170915268269094907489452e-150,1280,acb_coefficient_enclosure,-100.0,70,[5.22878303547992823827612230486263512541896763507223991666606051512502717733217425384276047813056575036970494884172204874592419822406e-18 +/- 8.29e-150],6.8735211817011153330243908969135533446e-150,1.372795159179831970662997898612339565281881855468665982715361026836964683914100791157255315041984886e-4491
[1.20005634506620097709460569912399337502927889845657602409579893047429362135092274045706852963081340277806271388846843859735827947694e-4213 +/- 5.56e-4345],1.34765592940438894915661820188686938195e-4345,1e-150,[4.86524820723776776664334093913626080855123804021513656963481567953972338200746593002944533268799484143037237983188924545569094004469e-7640 +/- 5.68e-7772],5.463643943137373690504572458621711313194e-7772,,,,,,7,220,8.353395099984482,[8.0864012096107051730314646104725750394127746590230913531580567639225221332594084507187389707432004870972618736014121834417906771569e-18 +/- 3.84e-149],9.080979006788954056391906838682858230991e-150,1281,acb_coefficient_enclosure,-100.0,70,[8.0864012096107051730314646104725750394127746590230913531580567639225221332594084507187389707432004870972618736014121834417906771569e-18 +/- 3.84e-149],9.080978997684534218501029466501504086139e-150,6.72144719977830410325903017163339366787585143039045749141505813096932739834945743977888459731968948e-4490
[3.62160186962546124455234461273191127773879926274785524833523757981068185248523882643665260154215302329097374160454111951849226690814e-4217 +/- 5.19e-4349],1.511920192249003721519902439630062981405e-4349,1e-150,[1.145291517768846060012612883846469916322931518404280307116623290567016775838045868307185082891349031865418277061812203567076238889734e-7646 +/- 8.53e-7779],4.781280296567049409127355777369220234332e-7779,,,,,,7,220,8.390036299999338,[1.250929848058134811619279155463819789276425235648104556072566950406142724057558125637976280803377772524314873601886677343905877244988e-17 +/- 8.29e-150],5.222291549933012590659643748401509664986e-150,1282,acb_coefficient_enclosure,-100.0,70,[1.250929848058134811619279155463819789276425235648104556072566950406142724057558125637976280803377772524314873601886677343905877244988e-17 +/- 8.29e-150],5.222291540828592752768766376220155520134e-150,3.290941089585020964584763439239465928138497284945210077872681892764307680220324801128696997752779114e-4488
[1.092405560242921786504628081182117569600324371849348991593043355654912700106384396959200907020354922910286058141691662654675378219369e-4220 +/- 4.65e-4353],2.801185097245688096928222458591452769124e-4353,1e-150,[2.69260460495609021804399278252086338544561888639845786913376169437913393626406069371494358288500253895580911453307393889637121642386e-7653 +/- 3.31e-7785],6.904472248419543951451477419014424241667e-7786,,,,,,7,220,7.777623700036202,[1.935679794085625485300985306366617536821043243899198211071647050371416341363512736934840559190780461081429810282816626489945617726728e-17 +/- 7.50e-150],4.963538785038525609505657008958363752293e-150,1283,acb_coefficient_enclosure,-100.0,70,[1.935679794085625485300985306366617536821043243899198211071647050371416341363512736934840559190780461081429810282816626489945617726728e-17 +/- 7.50e-150],4.96353877593410577161477963677700960744e-150,1.611304755919335254903918943750729548804390460686944794068671693385594120718704801830386763391344148e-4486
[3.29345228479428819551041080218126036773767966191424982342539178009807920643702961064438559920091049746461664869440361735776193496406e-4224 +/- 3.21e-4356],6.833001555327552964654687940578677439545e-4357,1e-150,[6.32229904711400941348699872088575035251344759701039106510389423402759275286715096062085052323432140015466262082458834526243215382953e-7660 +/- 1.71e-7792],1.311701982726529817716733477109391499488e-7792,,,,,,7,220,8.328116000047885,[2.996103795595002917519406259539168736299934018927815711801334334593221684952121176805207799554015681341214530679104597976141450770523e-17 +/- 7.20e-150],6.216085717330249587597667332384308511485e-150,1284,acb_coefficient_enclosure,-100.0,70,[2.996103795595002917519406259539168736299934018927815711801334334593221684952121176805207799554015681341214530679104597976141450770523e-17 +/- 7.20e-150],6.216085708225829749706789960202954366633e-150,7.889246637360908772579978065465084267701932476317087467198899634453880314766868279043656608005194279e-4485
[9.924377519194385158980369478335662765989672662754467965062939440961491017401621931148111694169231482030053217989899312348816131257390e-4228 +/- 8.93e-4361],5.45656263702466043651856409973572058477e-4361,1e-150,[1.482599355867314740795091652972505840914563061042392667858669992584990398178269905556112509214057962592803124287765136746485368992184e-7666 +/- 4.50e-7799],8.151540187780465392007803977625663456344e-7800,,,,,,7,220,8.610505699994974,[4.638770164289745267705310346479315794449927831380922668527623131764003886152498933086999692693283075263088490074913738701572014627941e-17 +/- 6.93e-150],2.550461202292287954965916392827719318808e-150,1285,acb_coefficient_enclosure,-100.0,70,[4.638770164289745267705310346479315794449927831380922668527623131764003886152498933086999692693283075263088490074913738701572014627941e-17 +/- 6.93e-150],2.550461197740078036020477706737042246382e-150,3.862723671558259654613536440524349563215040692537033401238680221255110493594586331521954638165312567e-4483
[2.989095236151054768941954255622661562108358355855328207264394860049616758584447187822607594245194211419387341325227701748899760919745e-4231 +/- 5.99e-4364],1.521430342424632766956118233300905349688e-4364,1e-150,[3.472316584546035173888796794386769645486741319633726557735528053606673282815034598127658622227387170684732250819391547807019392733007e-7673 +/- 5.41e-7806],1.767386911973493746635965276692922755645e-7806,,,,,,7,220,8.739473800000269,[7.184084031875131097533128043996517802190121749573495815562431897682614547222385659593974627340506844559107794635703022081420271698893e-17 +/- 3.74e-150],3.656652773910368339015514384285689909837e-150,1286,acb_coefficient_enclosure,-100.0,70,[7.184084031875131097533128043996517802190121749573495815562431897682614547222385659593974627340506844559107794635703022081420271698893e-17 +/- 3.74e-150],3.656652769358158420070075698195012837411e-150,1.891263371236836350674538310302436974831976725243384884782929248322959832384579834663056056593190485e-4481
[8.998310040038302743280330696548495404757059754336908963799716219719706635474845704289811770312782019684323956790094759619885732156115e-4235 +/- 4.05e-4368],2.757425291761080555288900779085554893337e-4368,1e-150,[8.121980980877818036936168384433174095006038390754798590737874630920294950253385759166638182052135735396297485583039385050596938845004e-7680 +/- 5.72e-7813],2.488884643615544900568618100903628202436e-7813,,,,,,7,220,8.3474088999792,[1.1129159994575636451887735648766189151128762351492098875386804143559814172260645150846633257473476469401289108974825014765859977221948e-16 +/- 5.09e-150],3.410398938954971145734907839429471200531e-150,1287,acb_coefficient_enclosure,-100.0,70,[1.1129159994575636451887735648766189151128762351492098875386804143559814172260645150846633257473476469401289108974825014765859977221948e-16 +/- 5.09e-150],3.410398934402761226789469153338794128105e-150,9.259992701181616178019175399922343552461791440330494606554461003526749778157307643293752172702900071e-4480
[2.7074910283275983241811388731356145917464637931559561645040318685814044809901601523656985147364460053448536084686319596265627652672714e-4238 +/- 8.20e-4372],7.376907463958350675050474691438406774069e-4372,1e-150,[1.8973706508601689885345325118206498605390958919727827214368741497166542417745103143738822975581093750989100253111501384968576366004652e-7686 +/- 5.53e-7820],5.169630310203621581022665966720235095693e-7820,,,,,,7,220,8.246882200008258,[1.7245495946007616847790589572341578474170499993944085389855136074054212479290040219521633141229880021674074410547947899085247189332172e-16 +/- 5.48e-150],4.698757105192856721973882579435236210367e-150,1288,acb_coefficient_enclosure,-100.0,70,[1.7245495946007616847790589572341578474170499993944085389855136074054212479290040219521633141229880021674074410547947899085247189332172e-16 +/- 5.48e-150],4.698757100640646803028443893344559137941e-150,4.533874967293715255186532619655419859262190667379511668537093974078337808533171485807486148198635687e-4478
[8.142506627670157605739949959189092166118340845208233883053792295004805231616928625446113580936574433285704161311712940064266343240425e-4242 +/- 5.53e-4375],2.089832133470088873800264496666725604143e-4375,1e-150,[4.426804631703516057443849885748102336135784139062882204474583122298060589257634130388789957832901732308314458186240627178952017000073e-7693 +/- 5.57e-7826],1.136170834168016901971777581332300593849e-7826,,,,,,7,220,9.184081200044602,[2.6730753255791950685342904319332040740733462419712329344128048364387898888061809646564735026076519908726608396358610385513752190718407e-16 +/- 9.18e-150],6.860637562710615141909403923569943700607e-150,1289,acb_coefficient_enclosure,-100.0,70,[2.6730753255791950685342904319332040740733462419712329344128048364387898888061809646564735026076519908726608396358610385513752190718407e-16 +/- 9.18e-150],6.860637553606195304018526551388589555755e-150,2.219875896646294325002594158517831841367253207219903361462522169014323187657654761641600226411346739e-4476
[2.4475658475064881461138340231754663118550982445347678141483838167778042191733555178603321922283290427836985726253271685339918420815191e-4245 +/- 9.14e-4379],4.420661041834892154228725058117335883161e-4379,1e-150,[1.0315182336887077582977357383901086849706778359088109378768587722078887587656550040658139270839887921263503731133130548429745131354379e-7699 +/- 3.07e-7833],1.86307243356214618205504813903341211999e-7833,,,,,,7,220,8.202928600017913,[4.144468076086560953047572433696249706810739029627567831654863276649785634413270599209489022248336030375856428937393771984150472720696e-16 +/- 3.06e-149],7.485514010258871803167912089577513377055e-150,1290,acb_coefficient_enclosure,-100.0,70,[4.144468076086560953047572433696249706810739029627567831654863276649785634413270599209489022248336030375856428937393771984150472720696e-16 +/- 3.06e-149],7.485514001154451965277034717396159232202e-150,1.086896307381204417454098513777826143453782080781039936812787249207706453109203757781521356884263072e-4474
[7.353531643519202455303100992519347926987732737135196556689085337486760731534682340477947252428814438395649374828698085558427166925273e-4249 +/- 1.33e-4382],7.305229089063827099656213383278749597136e-4383,1e-150,[2.4005582461519405101808802129453917972837728357617670259419501526382392193448744627707275453844861739292562591494943267455930879933783e-7706 +/- 7.35e-7840],2.384789884703911451352763544540568315325e-7840,,,,,,7,220,8.215892900014296,[6.4275931604756014511709011130243566867077919943551395204564279652815940286053093582034027764354783134176711068008733611282165790467026e-16 +/- 7.06e-150],6.385372698904283260658100867384317021274e-150,1291,acb_coefficient_enclosure,-100.0,70,[6.4275931604756014511709011130243566867077919943551395204564279652815940286053093582034027764354783134176711068008733611282165790467026e-16 +/- 7.06e-150],6.385372689799863422767223495202962876421e-150,5.321668180340439081339620013123031147365712968420338357289058870307759481930619049278793050088883717e-4473
[2.2082234195487163285189459057754388207125635494242128456379650722281439238387174336225354974033355993515112256362108879607929534535298e-4252 +/- 5.94e-4386],1.605558591772727462341017736877689760685e-4386,1e-150,[5.5795192493337042181634964324571875014374691065158995633665328831155966458002745742735496444085920197557305857532983994908234641006531e-7713 +/- 8.66e-7847],4.056765707323843702375597278774576970452e-7847,,,,,,7,220,8.394536300038453,[9.971255111998498542241510590579775285249791048308009968496101784555118446241340716367145382603824018603636414876399593025509631548051e-16 +/- 1.97e-149],7.249915970072902416981951857249721409493e-150,1292,acb_coefficient_enclosure,-100.0,70,[9.971255111998498542241510590579775285249791048308009968496101784555118446241340716367145382603824018603636414876399593025509631548051e-16 +/- 1.97e-149],7.249915960968482579091074485068367264641e-150,2.605599909404829219372965904065542294888341173207183616506786514654708682203143757098912959267310427e-4471
[6.6278957655220408503948708153152057524788972439468258452015289309986988090866152157069441290524417679987018016561302790694413744387780e-4256 +/- 4.08e-4390],3.805633409754372904411061996494472503889e-4390,1e-150,[1.2951823385833359332241898519979023144242217297802374535697785771059346817699651281572625735419142422715505817300553700908625992887332e-7719 +/- 3.45e-7853],7.436733077359480940292514035350673945926e-7854,,,,,,7,220,8.781624700000975,[1.5472946684866672822145360324319754431575059688347693879365571686411379534679984971414838739318671869318846499138460473507792736647859e-15 +/- 4.76e-149],8.884322354715932179338731205578011574413e-150,1293,acb_coefficient_enclosure,-100.0,70,[1.5472946684866672822145360324319754431575059688347693879365571686411379534679984971414838739318671869318846499138460473507792736647859e-15 +/- 4.76e-149],8.884322345611512341447853833396657429561e-150,1.275756909643458419296005899646161247707892287221831900985048758711784596951144970981576381853861134e-4469
[1.9883557417548565043516310661821674723562503043418869688472375243583209067488200856449860889504079365899228605091533557914754650865792e-4259 +/- 3.07e-4393],1.098129914196703939741071040701648261278e-4393,1e-150,[3.0027215112804037344245704008867969619367928588110689974222550092599217486761867194150030816589066843469394902029605088740740041044262e-7726 +/- 2.14e-7860],1.658344248430636160445744129343402235903e-7860,,,,,,7,220,8.35568159999093,[2.4016950965984722850866270497471089352908948050157015825432975565790352544474512186997050469172019020294419596077036348936283779472942e-15 +/- 6.01e-149],1.326409132986267519673882630611989629422e-149,1294,acb_coefficient_enclosure,-100.0,70,[2.4016950965984722850866270497471089352908948050157015825432975565790352544474512186997050469172019020294419596077036348936283779472942e-15 +/- 6.01e-149],1.326409131165383552095707156175718800452e-149,6.246379804447034360958655691651075250799364619741254432775887825437696054975588642585460289414484313e-4468
[5.9620884182554364390830494021333658633631924709913929304121936666134977466414802817484294782340544800611237917267112058678126865482016e-4263 +/- 4.44e-4397],2.072143565216289551992955915398629345914e-4397,1e-150,[6.9526378990856949024525437674015861179168470697922493619714904020229097357712550219029451330052835121451106865430931723353700145073461e-7733 +/- 5.96e-7867],2.416412308094900737847077896224381436338e-7867,,,,,,7,220,8.761548500042409,[3.7289300972423795169403770440643765369622693306843061835523835697024600947357163698712090520751925436171700476195738945344191707529176e-15 +/- 2.81e-149],1.296001991314443133826969156049221017832e-149,1295,acb_coefficient_enclosure,-100.0,70,[3.7289300972423795169403770440643765369622693306843061835523835697024600947357163698712090520751925436171700476195738945344191707529176e-15 +/- 2.81e-149],1.296001989493559166248793681612950188862e-149,3.058363521312061852819668157848502730187796970378214120402863394144544805983242573473693854787382842e-4466
[1.78685285567565337665308970050481086018569447036681413094955375450789401157202241867677556179948058446941792410424632741327730673883252e-4266 +/- 6.77e-4401],6.265140898416103633248151780051240508029e-4401,1e-150,[1.60781097223073899292591920440373456839011679242371834613193307751682868024577683203342313478475735944208220800056347414419027522960910e-7739 +/- 8.11e-7874],5.637376468852376371322966017924821894607e-7874,,,,,,7,220,9.189097199996468,[5.7912462096575496877390166156545540449171342929127216417926299366040945541299037212090963026961899780266982522187628873586246226123478e-15 +/- 6.56e-149],2.03055182616042177778175171047961426192e-149,1296,acb_coefficient_enclosure,-100.0,70,[5.7912462096575496877390166156545540449171342929127216417926299366040945541299037212090963026961899780266982522187628873586246226123478e-15 +/- 6.56e-149],2.030551822518653842625400761607072603979e-149,1.49744224567010436086437427555838047868072701720882254728973055787580896267962396407885344431142051e-4464
[5.3526071386809449778104777399082464725362760685143198829381357071818752855574830990772722064571384094674860218818808429884328043738424e-4270 +/- 5.17e-4404],1.705409538010447616754843764559786295536e-4404,1e-150,[3.7133987802837425674694922361900829639929790088722180345288340972976209582486621700489576003914560382383736781805688907653847033608905e-7746 +/- 5.92e-7880],1.183136650611250711123745481601348215939e-7880,,,,,,7,220,8.865430900012143,[8.9966561011010948542577595348435439431923132093299910795289768449347382381226656288057478324018099334043513320628944677230192592433501e-15 +/- 3.88e-149],2.866450432950650686176607478788110425457e-149,1297,acb_coefficient_enclosure,-100.0,70,[8.9966561011010948542577595348435439431923132093299910795289768449347382381226656288057478324018099334043513320628944677230192592433501e-15 +/- 3.88e-149],2.866450429308882751020256529915568767516e-149,7.33181192324109633057205403967711554835210530348752856998039674343069978308998003868851183329002527e-4463
[1.60261164468723688142896184932983377057221162692181951374629037862021391842409409520957130097593476765930268521994888109639735291754292e-4273 +/- 6.68e-4408],3.02559420385955791077525274666714575362e-4408,1e-150,[8.5656401041126008930559063098954537375254732183470054343733817985348073298830321154885380451454969712527537564027795052646243340670701e-7753 +/- 2.45e-7887],1.61711984609536447067919226407755105457e-7887,,,,,,7,220,8.96271190000698,[1.39801362071682930395498716378119529748719024320906483521301367542828839174944632287484921994035827707003344728183882451461195939417645e-14 +/- 4.72e-149],2.639330555979603015471905733978962867649e-149,1298,acb_coefficient_enclosure,-100.0,70,[1.39801362071682930395498716378119529748719024320906483521301367542828839174944632287484921994035827707003344728183882451461195939417645e-14 +/- 4.72e-149],2.639330552337835080315554785106421209709e-149,3.589821120907668863742354760936248084523342125009459743226250858340125648512924188754092114601436901e-4461
[4.79598385011503076498544158150695998166837341111005617123192138347250862543300797264755263670838532543490624154679942418210269755288938e-4277 +/- 4.79e-4412],4.120210368066614193123823320305794078053e-4412,1e-150,[1.97333168811496235802106322623161169727533969664376499946299254285965769468132056184658489836820329055235309045026608395793764399896459e-7759 +/- 3.87e-7894],1.695281282851890435101335029551504621308e-7894,,,,,,7,220,8.869317900040187,[2.17301520904315624070946378108034183559302164646629854125267405861373800132004095307943424668942688896182626083298127471938179388729164e-14 +/- 2.97e-149],1.86682858286258273355609031754158737476e-149,1299,acb_coefficient_enclosure,-100.0,70,[2.17301520904315624070946378108034183559302164646629854125267405861373800132004095307943424668942688896182626083298127471938179388729164e-14 +/- 2.97e-149],1.866828581041698765977914843105316545789e-149,1.757658742204169241699907158112429309349168354881988382857907273860546399192824708701517829393523086e-4459
[1.434543654923966528542218015308093480273333667688834254522443973281010953312023763268679289412502749017491699508358483025789267765205616e-4280 +/- 8.75e-4416],6.279308079602124688206235678522100159103e-4416,1e-150,[4.54038619477551469368730471256021787288188492200680868590465393114277313578002233648926389317330988100158986731621876015175445973448882e-7766 +/- 6.33e-7901],1.987425306661310040620606445557230392749e-7901,,,,,,7,220,9.989249099977314,[3.37858693294367456488187291273692542039398776257499085115446955981716418708926762435623782632270110241314110386259976596096859990662847e-14 +/- 2.71e-149],1.478880618938278193019343040633163551692e-149,1300,acb_coefficient_enclosure,-100.0,70,[3.37858693294367456488187291273692542039398776257499085115446955981716418708926762435623782632270110241314110386259976596096859990662847e-14 +/- 2.71e-149],1.478880617117394225441167566196892722722e-149,8.605905362493008731246631160814147826794538222321264995976061100861762571457340233673471629799867685e-4458
[4.28880806169925921943360558013014784578187226432617200757382146887242342489418327963860367968823982358237851062313906319576118410527580e-4284 +/- 3.88e-4419],1.077801310649334557938037622037653856456e-4419,1e-150,[1.043369986345189012644041089269076446403938118782714492146616112400267082321347942779201445202876964230539878475594228106684256849435912e-7772 +/- 6.92e-7908],2.622046776319617327159822061047962344714e-7908,,,,,,7,220,8.8275346000446,[5.25446238696588306626578994440875141401624209405143121556061834606285569643196691994858095880316349284211925764267918476817055326039177e-14 +/- 2.50e-149],1.320475604131285212229235547361248202353e-149,1301,acb_coefficient_enclosure,-100.0,70,[5.25446238696588306626578994440875141401624209405143121556061834606285569643196691994858095880316349284211925764267918476817055326039177e-14 +/- 2.50e-149],1.320475602310401244651060072924977373382e-149,4.213653601783985669568389914769889843938290825572888599585681948688938832000255687443143625610308631e-4456
[1.281581951507799582159840328818539127775474672648887930668489537004908499443639453714203615068264181470598442471684835767936788574880933e-4287 +/- 4.95e-4423],1.976481851746752354231803686701974172971e-4423,1e-150,[2.394622878282394249472580532140585309360365368260527866711379331115894310303249821891588186361681705796870240647725820177626224415071932e-7779 +/- 4.84e-7915],3.693036275346506596068862157600301427815e-7915,,,,,,7,220,9.351162099977955,[8.17414285570355746091789906599022190741307733498073800796692501953492511987927207355202606550835575706925873071593961786117947936680883e-14 +/- 3.06e-149],1.260632991815719312001130127693091160699e-149,1302,acb_coefficient_enclosure,-100.0,70,[8.17414285570355746091789906599022190741307733498073800796692501953492511987927207355202606550835575706925873071593961786117947936680883e-14 +/- 3.06e-149],1.260632989994835344422954653256820331728e-149,2.063105090006687217644681107328810517945478617770998933632840596965174975835457244400424721749397447e-4454
[3.827747050336396370076532309418795073913133758502510409544833657394589177707478634314493221960621188595249200576954053014099480467527663e-4291 +/- 6.81e-4427],3.565827519845243537123082077827102133073e-4427,1e-150,[5.488953600636758769200348900168916513364277858272284568230015182363432169030540345818153050837842442249775250179367660999115108054170564e-7786 +/- 6.38e-7922],5.11336342756082352109382070164775496918e-7922,,,,,,7,220,8.82509709999431,[1.271969783797201169569412789149078387469585636054264620133788702475584894943605385231009753073775760226869677114474985310015976098763581e-13 +/- 2.16e-149],1.184933269736785833155511625471511544702e-149,1303,acb_coefficient_enclosure,-100.0,70,[1.271969783797201169569412789149078387469585636054264620133788702475584894943605385231009753073775760226869677114474985310015976098763581e-13 +/- 2.16e-149],1.184933267915901865577336151035240715731e-149,1.010145950187585691968758419428408203157463053952355806994875097812120290719282470124634497919838271e-4452
[1.142687033757743012816917510356949802803082048700877101225807184795925920602620900841188470724823879116245324898494067904152670621870012e-4294 +/- 5.34e-4430],7.602502793641953783877880941391778594052e-4431,1e-150,[1.256597053738546246709465761396503657378866771760847774916429205171079388610087633805537777465626989375268892680970667435473144663028186e-7792 +/- 5.01e-7928],8.360366661050290528975929896372626112869e-7929,,,,,,7,220,9.584074399957899,[1.979848187429915947023170254114683660195123777307570716707507167584759001348659828472321928480051261292561977743647888110098376556722083e-13 +/- 3.40e-149],1.317228676675658512850239766669861267513e-149,1304,acb_coefficient_enclosure,-100.0,70,[1.979848187429915947023170254114683660195123777307570716707507167584759001348659828472321928480051261292561977743647888110098376556722083e-13 +/- 3.40e-149],1.317228674854774545272064292233590438543e-149,4.9459208169725089708380646520905768147161288961684855443827646462174657837237754151449285039392066e-4451
[3.409563116622434801398473658785453890749363426392330970196783592439025909866219844998786021134922228771731675483764427539483149177297062e-4298 +/- 5.26e-4434],1.419980356432988373040483791961026179833e-4434,1e-150,[2.873141137562426868800732770979040109230215955875794066259461311482947220947992809394419086992151398805131824071384249228732454503330933e-7799 +/- 3.52e-7935],1.196576751915285796373241963262058236862e-7935,,,,,,7,220,8.369313900009729,[3.082530625180878220079916346761621245502212186116963661201675937957314871543030895022152631488778769940871127393295248016085173579432982e-13 +/- 6.03e-149],1.283781164983721560693799613106002470178e-149,1305,acb_coefficient_enclosure,-100.0,70,[3.082530625180878220079916346761621245502212186116963661201675937957314871543030895022152631488778769940871127393295248016085173579432982e-13 +/- 6.03e-149],1.283781163162837593115624138669731641208e-149,2.42164482252999815909961326383727089456194804371917028142258527436647661147848017176385601253194987e-4449
[1.0168518431753551537102302374599919815546867283320011637288959777322543480957227312435849362597191193363884629587268615788781696067141395e-4301 +/- 5.57e-4438],2.942989092911340365015893895868394453657e-4438,1e-150,[6.561040661704954903552917084832992687115511436563626203150455431860106303152883942800638641301299942587964859242979117566006331653771339e-7806 +/- 4.56e-7942],1.898907024305017319808411394760046879871e-7942,,,,,,7,220,9.495659400010481,[4.800685032614310300933853715023722475829599371243148911109459904564355216702114179568656811165366541363783772837563121271250004170841638e-13 +/- 5.43e-149],1.389422039034800624187966706077425555858e-149,1306,acb_coefficient_enclosure,-100.0,70,[4.800685032614310300933853715023722475829599371243148911109459904564355216702114179568656811165366541363783772837563121271250004170841638e-13 +/- 5.43e-149],1.389422037213916656609791231641154726888e-149,1.18569773038524850546132958806764868342656360798081487422473837511355779256006611058283954989408777e-4447
[3.0311280356999777494407827626362485624429781482290188237613368710583191073489890589714466108503030090547536594987039866621014188507449554e-4305 +/- 8.77e-4442],4.564477259341115972101367337617133962899e-4442,1e-150,[1.4963863674936600905510380241680359234077324021713472067398435733120081832804633800975640548733623869248639410571276612319243959475830587e-7812 +/- 3.10e-7949],2.253359618667818365847380485948104298557e-7949,,,,,,7,220,8.78836790000787,[7.478581313433179939843849127359493527871329619968817963027475581951783404232422389808119824036977943527170754052683002076479009791663580e-13 +/- 3.70e-149],1.126175259672972002836052272777547431439e-149,1307,acb_coefficient_enclosure,-100.0,70,[7.478581313433179939843849127359493527871329619968817963027475581951783404232422389808119824036977943527170754052683002076479009791663580e-13 +/- 3.70e-149],1.126175257852088035257876798341276602468e-149,5.805475346284361869741960094356311069976555436903999772509094735541667269063601705571511565957526418e-4446
[9.0310590648612135001280695060608401778216135165834333727365450208571643221396462330767648009455423588201031915736633614014022767470015115e-4309 +/- 7.07e-4446],7.053986794226098718382435610084378449437e-4446,1e-150,[3.4085557383812639383355324007589156725567988153585132615916328850925920430611800022641375580699089996569715631312321587791457121703612087e-7819 +/- 6.35e-7956],2.662357424089070157595274562323523121294e-7956,,,,,,7,220,8.800397299986798,[1.1653471277165177392491165909678056183795284098096769301736010682838424519200549767408181300365062451154870670801151657518882416471666504e-12 +/- 1.87e-149],9.10230255953547665919406651003905805029e-150,1308,acb_coefficient_enclosure,-100.0,70,[1.1653471277165177392491165909678056183795284098096769301736010682838424519200549767408181300365062451154870670801151657518882416471666504e-12 +/- 1.87e-149],9.102302550431056821303189137857703905438e-150,2.842508916683785663658334186818287806463301226242621363585987214133097193433185344071095278960518332e-4444
[2.6894348482471480931531771300145606802591616118061267648007944173249333964410458777158366730543422216780854104169881256247057493990949403e-4312 +/- 1.51e-4449],1.344363088317892356278924706912341675851e-4449,1e-150,[7.7544874762288125825503563567491786993225819832642763831365946056290383829708523837627807667445576742876222186046590223524370896128416578e-7826 +/- 5.25e-7963],3.876222062644117129099433794496182205309e-7963,,,,,,7,220,10.55640920001315,[1.8163994999036935244300434966694565671720090836177577311753977676207032152903405861339964970386464982393230675410992875520705515612224988e-12 +/- 4.76e-149],9.079604312228791237035726431657818705471e-150,1309,acb_coefficient_enclosure,-100.0,70,[1.8163994999036935244300434966694565671720090836177577311753977676207032152903405861339964970386464982393230675410992875520705515612224988e-12 +/- 4.76e-149],9.079604303124371399144849059476464560619e-150,1.391765734681603234088962076282052311134816747402711207776715916112750868291399985590946013390393842e-4442
[8.0051866290638052297038489597042658854122929976706844661391290000967854667216024940412674213697553704279197885698393227945430302165437879e-4316 +/- 2.80e-4453],2.682033470589964024336233787980780095463e-4453,1e-150,[1.76194454993658798451434531726947084125869261121554723132754004853936970513526295371676880625397553101859913081021871161564338569213755955e-7832 +/- 9.09e-7970],5.903165613875766668081211005304366575591e-7970,,,,,,7,220,11.506355400022585,[2.8319612145100684170956975276740579709054956302565049146761208754474443302611711056164540981324441040943450168627477860889954960210194578e-12 +/- 5.54e-149],9.488116990073201916371065859544635547552e-150,1310,acb_coefficient_enclosure,-100.0,70,[2.8319612145100684170956975276740579709054956302565049146761208754474443302611711056164540981324441040943450168627477860889954960210194578e-12 +/- 5.54e-149],9.488116980968782078480188487363281402699e-150,6.814448244846425968480373605927205461283562304881241205844858078239810441766640654363666266478543769e-4441
[2.38160715615128981851927454856003299433701054176822037636434274261645063396712223348883885033222259853936404280170592111749302425411537477e-4319 +/- 6.54e-4457],5.14507544803251825149275716040125687337e-4457,1e-150,[3.9984181504531693908293961384507087415080195406785176641447507336256451598932427605559153206672468013944153325038726378151706484469713316e-7839 +/- 5.20e-7976],8.637932999358503481143124295060195081957e-7977,,,,,,7,220,9.11942259996431,[4.4165482869054350060261197280756464558351240082062774124026952018581403877067809390164365447943570958021624489099425886743483368914439407e-12 +/- 2.89e-149],9.541235216283683150513414188197987745583e-150,1311,acb_coefficient_enclosure,-100.0,70,[4.4165482869054350060261197280756464558351240082062774124026952018581403877067809390164365447943570958021624489099425886743483368914439407e-12 +/- 2.89e-149],9.541235207179263312622536816016633600731e-150,3.336533639486777128120342744321864545128427843132264303566333504118416375240746826531724342118081959e-4439
[7.0820203016250678698334026070293853205136878202227336375453931274762575135410345337143285098877428908873679486824782458176066254742733016e-4323 +/- 1.17e-4460],9.887232770479034522188836713234181231136e-4461,1e-150,[9.0623622027485190377881948134835528084968084323683686272867937675743772162012540556612694139499915914921068269716764576834472674980012838e-7846 +/- 4.92e-7983],1.265199482815040102228313976488392003806e-7983,,,,,,7,220,9.654248100006953,[6.8896682456749471172076472601320080837534018208488949845614867940105063359230362611513111560458462102924806694748346825430022133606391283e-12 +/- 3.45e-149],9.618689338214770590490546344128030435602e-150,1312,acb_coefficient_enclosure,-100.0,70,[6.8896682456749471172076472601320080837534018208488949845614867940105063359230362611513111560458462102924806694748346825430022133606391283e-12 +/- 3.45e-149],9.61868932911035075259966897194667629075e-150,1.633655844123112395984469683426500131016081696740040130074171985843153148421209399518639750550136076e-4437
[2.10490610202866595360792950166022792785649095701103199077434708415803809766263673337562809909438535380507867168128297085237292197052374410e-4326 +/- 5.56e-4464],2.099044943780195710473540797643205664368e-4464,1e-150,[2.05140896736507200401695012703564775088025454633477315208180975071880599839594730606208999999772778942269239885339554025675625351905424536e-7852 +/- 5.22e-7990],2.045696763769901865208682691375501962839e-7990,,,,,,7,220,9.59372699999949,[1.07506116329149409575914970297922822849549790893249183611488240150050391874058419783721791693461299309552452331768729911703298277671798171e-11 +/- 4.82e-149],1.072067623382795750642510456516399221827e-149,1313,acb_coefficient_enclosure,-100.0,70,[1.07506116329149409575914970297922822849549790893249183611488240150050391874058419783721791693461299309552452331768729911703298277671798171e-11 +/- 4.82e-149],1.072067621561911783064334982080128392857e-149,7.998819297690724474057952532574555742365569404004098276771616736927124998693492920178341755405833755e-4436
[6.25312267696745433790864033048965557543725655293837623465818965407204099246803361411194658404666900400797066828254218219482431716434428666e-4330 +/- 5.36e-4468],4.900266649368932468224154265784700685335e-4468,1e-150,[4.63789707273650528351205827179696769266594299041737919577836514097962238931027465799108738761504493921035139334896794677186614390350906390e-7859 +/- 4.91e-7997],3.634493273642219781282773791196605856486e-7997,,,,,,7,220,9.529512899986003,[1.67798264039750212743694823206631952068721505202679763051516065559652202637080287951385354240549836571070597425256301009100260445554941101e-11 +/- 4.19e-149],1.314952983235962466174851650730855561294e-149,1314,acb_coefficient_enclosure,-100.0,70,[1.67798264039750212743694823206631952068721505202679763051516065559652202637080287951385354240549836571070597425256301009100260445554941101e-11 +/- 4.19e-149],1.314952981415078498596676176294584732324e-149,3.916439773513286901765545164893855225654329366267096015522528798887296733384642408383859588364797027e-4434
[1.85673522193428366630987636617611548334574820516753043696939415719426216256100376187198582086391921566949227693467042278913241134425784136e-4333 +/- 1.85e-4471],9.021401308247520372046020701240966140121e-4472,1e-150,[1.04724520474578250817355347380318844652074356452987189796882309963817808716398391668716603905459516624074511705993550050135860154803908335e-7865 +/- 9.64e-8004],5.088296449170604790505598498586877849107e-8004,,,,,,7,220,9.339228299970273,[2.61975737894255361843128171492350775215821752414444462092151460975276370410667060658501664741592787039861676629839530473210297880059453751e-11 +/- 5.05e-149],1.272873064889978186449064462018971925934e-149,1315,acb_coefficient_enclosure,-100.0,70,[2.61975737894255361843128171492350775215821752414444462092151460975276370410667060658501664741592787039861676629839530473210297880059453751e-11 +/- 5.05e-149],1.272873063069094218870888987582701096963e-149,1.91759668591317039898266550242033950598257834774569964202062973166651635306477772592328839237073933e-4432
[5.51051198053935305623224841203829097847313236515865536507360926887943015463108890333108471402289741211541868664824198625662090965602240078e-4337 +/- 5.85e-4475],1.376991723890975399167400335339263959777e-4475,1e-150,[2.361752947956101364291930712954084693881703361596302494634966838582820996708980304744604040087100264234068888220059454056777226690858564275e-7872 +/- 8.43e-8011],5.901655354946333057559957014940487011244e-8011,,,,,,7,220,9.311209800012875,[4.09122995972878382729704533546202439745410737814005312625575055892018355706469554467008283134543331500268216788792485018909408476347148888e-11 +/- 1.36e-149],1.022335090553342413475713747881768138143e-149,1316,acb_coefficient_enclosure,-100.0,70,[4.09122995972878382729704533546202439745410737814005312625575055892018355706469554467008283134543331500268216788792485018909408476347148888e-11 +/- 1.36e-149],1.022335088732458445897538273445497309172e-149,9.389086485045196151403199920490989319094873452830529895543394013547877771392255208822803503837574772e-4431
[1.634643366704133100903050180844863598508139303886488818127438512114798386345868230829301489396301558514226375795997814645726697929973554618e-4340 +/- 4.41e-4479],2.461113545878998223513753109826545150917e-4479,1e-150,[5.31960954598297583760895943006923885145605968455364941697302600039315912929349071975938635716668812996580300905657228723236997253167461769e-7879 +/- 5.56e-8017],8.009186185175139714268233307497002996017e-8018,,,,,,7,220,8.957091799995396,[6.39095576064615821534607115588758846630452817441777493937458311954708741674815484757992899288587551780189924546816462953301668205222884935e-11 +/- 2.38e-149],9.622201404584916348000374790214823756622e-150,1317,acb_coefficient_enclosure,-100.0,70,[6.39095576064615821534607115588758846630452817441777493937458311954708741674815484757992899288587551780189924546816462953301668205222884935e-11 +/- 2.38e-149],9.62220139548049651010949741803346961177e-150,4.597160421408258337250803203574899313023390088287804461227028711369664312833831462150632408556403736e-4429
[4.846668487705259800912800595252382566722519364067271155455215522336803897974590821367965088101825471433226580980704326147391161758090922461e-4344 +/- 7.64e-4483],3.45164976792998769545345219455710956614e-4483,1e-150,[1.196698219702843113354134756188869514443055625403877842250201007901978935561198761556256954220191171621855752015834804596432374284896737834e-7885 +/- 3.69e-8024],8.522520432868841163221988741912218292626e-8025,,,,,,7,220,8.574661000049673,[9.98611872368400622615634773222172508016143468896808153451157732947648526146433877637592517824827981142904643941506958444751722197201030562e-11 +/- 5.12e-149],7.111809750933158393400500790836877893637e-150,1318,acb_coefficient_enclosure,-100.0,70,[9.98611872368400622615634773222172508016143468896808153451157732947648526146433877637592517824827981142904643941506958444751722197201030562e-11 +/- 5.12e-149],7.111809741828738555509623418655523748784e-150,2.250900143383114430087741583729894292002332238336290758480575699918445990714979708894876387678271021e-4427
[1.436325889766695605511160151561028671582804076416595768379939829569661370510270537070003035061098067259124092301896929680615992857775700641e-4347 +/- 3.33e-4486],9.925249574990248688997994778239336072993e-4487,1e-150,[2.688744426304521306946454196227466464071019969293633909093329977162749195081587024879135403335137949495772404035463163107054940703505300541e-7892 +/- 5.15e-8031],1.857966884100010574878498926707789838207e-8031,,,,,,7,220,9.020957799977623,[1.560797368613036343865876250811017730128994529595843349415611821127051454435806363063162338816224071541357357034943637917860530935102076543e-10 +/- 2.06e-149],1.078536801674520529966472457556898884064e-149,1319,acb_coefficient_enclosure,-100.0,70,[1.560797368613036343865876250811017730128994529595843349415611821127051454435806363063162338816224071541357357034943637917860530935102076543e-10 +/- 2.06e-149],1.078536799853636562388296983120628055094e-149,1.102105192220395471219883869869233918728675087200254406121828828774392428185883566219907778253400657e-4425
[4.254535773067120373004430038726801823366692985076128173440629165354511403699025792694654317876359997488675432458672954104854688558851857449e-4351 +/- 5.44e-4490],1.881517349944852997096092442694513463145e-4490,1e-150,[6.033575934774891285047848918181158198748279365406203598669115195190334780060605981011563231810266847403821334662377191528834050395276541614e-7899 +/- 3.30e-8038],2.668276486983195490480670852368996500637e-8038,,,,,,7,220,9.048570899991319,[2.440142005139019318197386018034314210801676463237757961426067907896999938435279388110763833582182154645228027300822693740861843077243265725e-10 +/- 2.69e-149],1.079123490488874218104335824017993160745e-149,1320,acb_coefficient_enclosure,-100.0,70,[2.440142005139019318197386018034314210801676463237757961426067907896999938435279388110763833582182154645228027300822693740861843077243265725e-10 +/- 2.69e-149],1.079123488667990250526160349581722331774e-149,5.396225842908427064707095914299905613961518523322684494889049893133110915605633844432506426116073169e-4424
[1.2596242983572803342045967970183175595335456289020341217169470600535388995172427977992013536753851647170104181083929040745059935382659256788e-4354 +/- 3.53e-4494],2.772436137679979497945004436882928428908e-4494,1e-150,[1.3522619102662038126661267931634175317391733431051912181236764900588924914213877970907959024986078844736570949275704773913906829332926776286e-7905 +/- 4.30e-8045],2.976331736489773654402375227377086125915e-8045,,,,,,7,220,9.2156206999789,[3.8159471211373515730833774036037919120867796809840015775092286491371093703641781278334289917392451437416839232670099542634341777004284664035e-10 +/- 8.96e-150],8.398908812325143012862412338289826421663e-150,1321,acb_coefficient_enclosure,-100.0,70,[3.8159471211373515730833774036037919120867796809840015775092286491371093703641781278334289917392451437416839232670099542634341777004284664035e-10 +/- 8.96e-150],8.398908803220723174971534966108472276811e-150,2.642149792300176458632919315829120263326319147123213309871725530156877603017818653704753023447805194e-4422
[3.727517408049579968266047938832159732109649380751211650416142089146125535099669072480751980583861813649654296387553801953793926728417481074e-4358 +/- 5.37e-4497],7.251546889273582604057745082007864843756e-4498,1e-150,[3.0269692616418498159118550468158776542998192921353634704990300650175214775030856039024541324143178024594116779688419912516227822405580800093e-7912 +/- 9.61e-8052],5.888694017541001432372715620348402124185e-8052,,,,,,7,220,9.859989000018686,[5.969090416515126736515663574802948932627264974217899811792084883767778853150072309587294365524096597931152279711835692439719969334471316777e-10 +/- 4.23e-149],1.161232370882193164453927958921007915242e-149,1322,acb_coefficient_enclosure,-100.0,70,[5.969090416515126736515663574802948932627264974217899811792084883767778853150072309587294365524096597931152279711835692439719969334471316777e-10 +/- 4.23e-149],1.161232369061309196875752484484737086272e-149,1.293674454258672788764360989924695190709268861196544370969971864778929102964191457033427031408903241e-4420
[1.10252456128638461861680681884528456274754567687403559317066270187780386587050563013871265788062246473707226262737150588355531396246351509364e-4361 +/- 6.42e-4502],6.202716353237641788044771885764705304916e-4502,1e-150,[6.7673207225301526432751386778039084379915669749115752907894036942098599351507543338566762042994585798156947519030494848871183214030770616460e-7919 +/- 6.86e-8059],3.807241324710405431394449230698573066948e-8059,,,,,,7,220,8.821037400048226,[9.339689155696925734439130984048284654113205898866853815424197336026836213065077077131504652850663506393083163505515273795692106654748283936e-10 +/- 4.94e-149],5.254435523568471743401093515531783443767e-150,1323,acb_coefficient_enclosure,-100.0,70,[9.339689155696925734439130984048284654113205898866853815424197336026836213065077077131504652850663506393083163505515273795692106654748283936e-10 +/- 4.94e-149],5.254435514464051905510216143350429298915e-150,6.334215249119580158209482663361923694441813024381493509617045845661998730248357906642134884992478449e-4419
[3.2594697085692950594283669790263005170140796976001457344901922935654344601064315496002122678463094338541669763861559744665364103949369166336e-4365 +/- 5.78e-4505],1.312324993412870264200910885291404593733e-4505,1e-150,[1.51107997568007031690234153149631686733104037081225181539929239716529925139858702658252282475849899196602688853358707238263243822590874928285e-7925 +/- 8.96e-8066],6.083897646657014399569402276755296974205e-8066,,,,,,7,220,9.33897410001373,[1.4617565057053214928589731994095719625155393851262382406973422238754487492976653009205092391008856398621287862787052923492499781180544007163e-9 +/- 5.09e-149],5.88531189304293654753839766009706046757e-150,1324,acb_coefficient_enclosure,-100.0,70,[1.4617565057053214928589731994095719625155393851262382406973422238754487492976653009205092391008856398621287862787052923492499781180544007163e-9 +/- 5.09e-149],5.885311883938516709647520287915706322718e-150,3.101422123278810514383709059592418229294777178940554370244845969497539529291818669555322087535596196e-4417
[9.6315426017337470677088381989637784815502094941747973818054917436959463008968247559295063111270507969368140777997895905837618924095941332876e-4369 +/- 6.11e-4509],2.972309504646352757638694026956142043756e-4509,1e-150,[3.3699268417170258055761076852615871682136374404529377847503071794470126344299323334822183716643087022915869300788339484757494093755770086260e-7932 +/- 2.60e-8072],1.039964829813733400007815393655457426896e-8072,,,,,,7,220,9.667873599973973,[2.2884208180095166277704279307991847816273437858362134441582255362405675740623476001650551717943387341065607224297693610838425106942294124254e-9 +/- 1.16e-149],7.062103333221568062426358447198475904043e-150,1325,acb_coefficient_enclosure,-100.0,70,[2.2884208180095166277704279307991847816273437858362134441582255362405675740623476001650551717943387341065607224297693610838425106942294124254e-9 +/- 1.16e-149],7.062103324117148224535481075017121759191e-150,1.518550332039656294143794114085837339044478961160554122263867414887778681409307261889665644225605137e-4415
