cutoff,det_sign,dps,kind,lam,log10_abs_det,m,n_sum,near_zero,ok,shift,sigma,signed_sign
8.0,1,90,hankel,0.0,-0.90559807557592584972,0,100,False,True,0,1,1
8.0,-1,90,hankel,0.0,-7.4450932037106750633,1,100,False,True,0,-1,1
8.0,-1,90,hankel,0.0,-19.749425685449091858,2,100,False,True,0,-1,1
8.0,1,90,hankel,0.0,-37.836758465610409568,3,100,False,True,0,1,1
8.0,1,90,hankel,0.0,-61.771054529564072975,4,100,False,True,0,1,1
8.0,-1,90,hankel,0.0,-91.572699255332245219,5,100,False,True,0,-1,1
8.0,-1,90,hankel,0.0,-127.29068960879186341,6,100,False,True,0,-1,1
8.0,1,90,hankel,0.0,-168.94858000450444007,7,100,False,True,0,1,1
8.0,1,90,hankel,0.0,-216.57962870017240582,8,100,False,True,0,1,1
8.0,-1,90,hankel,0.0,-270.21306399021471689,9,100,True,True,0,-1,1
8.0,-1,90,hankel,0.0,-329.8714717224785777,10,100,True,True,0,-1,1
8.0,1,90,hankel,0.0,-395.58308620677162901,11,100,True,True,0,1,1
8.0,1,90,hankel,0.0,-467.36944459559110973,12,100,True,True,0,1,1
8.0,1,90,hankel,0.0,-3.1439522234556131314,0,100,False,True,1,1,1
8.0,-1,90,hankel,0.0,-12.056162202475476985,1,100,False,True,1,-1,1
8.0,-1,90,hankel,0.0,-26.791370540394228972,2,100,False,True,1,-1,1
8.0,1,90,hankel,0.0,-47.365066300562901882,3,100,False,True,1,1,1
8.0,1,90,hankel,0.0,-73.820571812385422729,4,100,False,True,1,1,1
8.0,-1,90,hankel,0.0,-106.18151426352121526,5,100,False,True,1,-1,1
8.0,-1,90,hankel,0.0,-144.48509497153007532,6,100,False,True,1,-1,1
8.0,1,90,hankel,0.0,-188.75608990199836982,7,100,False,True,1,1,1
8.0,1,90,hankel,0.0,-239.02362509348946123,8,100,False,True,1,1,1
8.0,-1,90,hankel,0.0,-295.31389109502239538,9,100,True,True,1,-1,1
8.0,-1,90,hankel,0.0,-357.64988201610846457,10,100,True,True,1,-1,1
8.0,1,90,hankel,0.0,-426.0564112590046033,11,100,True,True,1,1,1
8.0,1,90,hankel,0.0,-500.55470377525540326,12,100,True,True,1,1,1
8.0,1,90,hankel,0.0,-5.4136517845814031951,0,100,False,True,2,1,1
8.0,-1,90,hankel,0.0,-16.70769884942484103,1,100,False,True,2,-1,1
8.0,-1,90,hankel,0.0,-33.883542680957796546,2,100,False,True,2,-1,1
8.0,1,90,hankel,0.0,-56.94839666421682741,3,100,False,True,2,1,1
8.0,1,90,hankel,0.0,-85.931489400706567963,4,100,False,True,2,1,1
8.0,-1,90,hankel,0.0,-120.85497756649272272,5,100,False,True,2,-1,1
8.0,-1,90,hankel,0.0,-161.74843337051724089,6,100,False,True,2,-1,1
8.0,1,90,hankel,0.0,-208.63561283861579656,7,100,False,True,2,1,1
8.0,1,90,hankel,0.0,-261.54229368552427221,8,100,True,True,2,1,1
8.0,-1,90,hankel,0.0,-320.49234985962762448,9,100,True,True,2,-1,1
8.0,-1,90,hankel,0.0,-385.50797110190623673,10,100,True,True,2,-1,1
8.0,1,90,hankel,0.0,-456.6116807133383552,11,100,True,True,2,1,1
8.0,1,90,hankel,0.0,-533.82394284283341484,12,100,True,True,2,1,1
8.0,1,90,hankel,0.0,-7.7097798710503703749,0,100,False,True,3,1,1
8.0,-1,90,hankel,0.0,-21.39643155264489018,1,100,False,True,3,-1,1
8.0,-1,90,hankel,0.0,-41.022097607236477367,2,100,False,True,3,-1,1
8.0,1,90,hankel,0.0,-66.583936776757574649,3,100,False,True,3,1,1
8.0,1,90,hankel,0.0,-98.100487257511749635,4,100,False,True,3,1,1
8.0,-1,90,hankel,0.0,-135.59050179042966729,5,100,False,True,3,-1,1
8.0,-1,90,hankel,0.0,-179.07795217715972779,6,100,False,True,3,-1,1
8.0,1,90,hankel,0.0,-228.58458973149205593,7,100,False,True,3,1,1
8.0,1,90,hankel,0.0,-284.13333498231479008,8,100,True,True,3,1,1
8.0,-1,90,hankel,0.0,-345.74602881326282844,9,100,True,True,3,-1,1
8.0,-1,90,hankel,0.0,-413.4435911883633473,10,100,True,True,3,-1,1
8.0,1,90,hankel,0.0,-487.24677782715902506,11,100,True,True,3,1,1
8.0,1,90,hankel,0.0,-567.17509007592550865,12,100,True,True,3,1,1
8.0,1,90,hankel,0.0,-10.028873536218972105,0,100,False,True,4,1,1
8.0,-1,90,hankel,0.0,-26.119462136606851137,1,100,False,True,4,-1,1
8.0,-1,90,hankel,0.0,-48.203858594148902789,2,100,False,True,4,-1,1
8.0,1,90,hankel,0.0,-76.269003410599015507,3,100,False,True,4,1,1
8.0,1,90,hankel,0.0,-110.32470497035910273,4,100,False,True,4,1,1
8.0,-1,90,hankel,0.0,-150.38560579917482666,5,100,False,True,4,-1,1
8.0,-1,90,hankel,0.0,-196.47113803359555195,6,100,False,True,4,-1,1
8.0,1,90,hankel,0.0,-248.60065453825748385,7,100,False,True,4,1,1
8.0,1,90,hankel,0.0,-306.79453069291298595,8,100,True,True,4,1,1
8.0,-1,90,hankel,0.0,-371.07270888957056466,9,100,True,True,4,-1,1
8.0,-1,90,hankel,0.0,-441.45467964628906012,10,100,True,True,4,-1,1
8.0,1,90,hankel,0.0,-517.95968618724183563,11,100,True,True,4,1,1
8.0,1,90,hankel,0.0,-600.60618546939437015,12,100,True,True,4,1,1
8.0,1,90,hankel,0.0,-12.368349402149820792,0,100,False,True,5,1,1
8.0,-1,90,hankel,0.0,-30.874265189402301806,1,100,False,True,5,-1,1
8.0,-1,90,hankel,0.0,-55.426113438931988501,2,100,False,True,5,-1,1
8.0,1,90,hankel,0.0,-86.001113573627143983,3,100,False,True,5,1,1
8.0,1,90,hankel,0.0,-122.60160357311724982,4,100,False,True,5,1,1
8.0,-1,90,hankel,0.0,-165.23795632216664628,5,100,False,True,5,-1,1
8.0,-1,90,hankel,0.0,-213.92567597067778253,6,100,False,True,5,-1,1
8.0,1,90,hankel,0.0,-268.68160060394071162,7,100,True,True,5,1,1
8.0,1,90,hankel,0.0,-329.52377113781825082,8,100,True,True,5,1,1
8.0,-1,90,hankel,0.0,-396.47031758666533068,9,100,True,True,5,-1,1
8.0,-1,90,hankel,0.0,-469.53926675385542992,10,100,True,True,5,-1,1
8.0,1,90,hankel,0.0,-548.74848605409027678,11,100,True,True,5,1,1
8.0,1,90,hankel,0.0,-634.11536516285008999,12,100,True,True,5,1,1
8.0,1,90,hankel,0.0,-14.726198052790235066,0,100,False,True,6,1,1
8.0,-1,90,hankel,0.0,-35.65864584096610963,1,100,False,True,6,-1,1
8.0,-1,90,hankel,0.0,-62.686500179020518331,2,100,False,True,6,-1,1
8.0,1,90,hankel,0.0,-95.77799503235320792,3,100,False,True,6,1,1
8.0,1,90,hankel,0.0,-134.92889189120127701,4,100,False,True,6,1,1
8.0,-1,90,hankel,0.0,-180.14537630877365506,5,100,False,True,6,-1,1
8.0,-1,90,hankel,0.0,-231.43942084689387904,6,100,False,True,6,-1,1
8.0,1,90,hankel,0.0,-288.82536161116241616,7,100,True,True,6,1,1
8.0,1,90,hankel,0.0,-352.31905990602163851,8,100,True,True,6,1,1
8.0,-1,90,hankel,0.0,-421.93690461877258405,9,100,True,True,6,-1,1
8.0,-1,90,hankel,0.0,-497.69547577722839339,10,100,True,True,6,-1,1
8.0,1,90,hankel,0.0,-579.6113487782510341,11,100,True,True,6,1,1
8.0,1,90,hankel,0.0,-667.70085155049226387,12,100,True,True,6,1,1
8.0,1,90,hankel,0.0,-17.100806477742025532,0,100,False,True,7,1,1
8.0,-1,90,hankel,0.0,-40.470690471465172465,1,100,False,True,7,-1,1
8.0,-1,90,hankel,0.0,-69.982934814011407152,2,100,False,True,7,-1,1
8.0,1,90,hankel,0.0,-105.59757475536198946,3,100,False,True,7,1,1
8.0,1,90,hankel,0.0,-147.30448210190513903,4,100,False,True,7,1,1
8.0,-1,90,hankel,0.0,-195.10583960392163435,5,100,False,True,7,-1,1
8.0,-1,90,hankel,0.0,-249.01037641041333677,6,100,False,True,7,-1,1
8.0,1,90,hankel,0.0,-309.02999807496010668,7,100,True,True,7,1,1
8.0,1,90,hankel,0.0,-375.17851014471770608,8,100,True,True,7,1,1
8.0,-1,90,hankel,0.0,-447.47062712338112944,9,100,True,True,7,-1,1
8.0,-1,90,hankel,0.0,-525.92151967047571862,10,100,True,True,7,-1,1
8.0,1,90,hankel,0.0,-610.54653094864932553,11,100,True,True,7,1,1
8.0,1,90,hankel,0.0,-701.36094624616615693,12,100,True,True,7,1,1
8.0,1,90,hankel,0.0,-19.490847711651707124,0,100,False,True,8,1,1
8.0,-1,90,hankel,0.0,-45.308721480879514267,1,100,False,True,8,-1,1
8.0,-1,90,hankel,0.0,-77.313561183859617986,2,100,False,True,8,-1,1
8.0,1,90,hankel,0.0,-115.45796047632234458,3,100,False,True,8,1,1
8.0,1,90,hankel,0.0,-159.72645959689219205,4,100,False,True,8,1,1
8.0,-1,90,hankel,0.0,-210.11746058097986894,5,100,False,True,8,-1,1
8.0,-1,90,hankel,0.0,-266.63667904174051001,6,100,True,True,8,-1,1
8.0,1,90,hankel,0.0,-329.29368630486961244,7,100,True,True,8,1,1
8.0,1,90,hankel,0.0,-398.10033807251820098,8,100,True,True,8,1,1
8.0,-1,90,hankel,0.0,-473.06973933854391672,9,100,True,True,8,-1,1
8.0,-1,90,hankel,0.0,-554.21569643569871249,10,100,True,True,8,-1,1
8.0,1,90,hankel,0.0,-641.55236882170606288,11,100,True,True,8,1,1
8.0,1,90,hankel,0.0,-735.09402452346358201,12,100,True,True,8,1,1
8.0,1,90,hankel,0.000001,-0.90559807055874029059,0,100,False,True,0,1,1
8.0,-1,90,hankel,0.000001,-7.4450931619608757026,1,100,False,True,0,-1,1
8.0,-1,90,hankel,0.000001,-19.74942558448303011,2,100,False,True,0,-1,1
8.0,1,90,hankel,0.000001,-37.836758287943360197,3,100,False,True,0,1,1
8.0,1,90,hankel,0.000001,-61.771054259198300903,4,100,False,True,0,1,1
8.0,-1,90,hankel,0.000001,-91.572698879251975581,5,100,False,True,0,-1,1
8.0,-1,90,hankel,0.000001,-127.29068911423568002,6,100,False,True,0,-1,1
8.0,1,90,hankel,0.000001,-168.94857938056828141,7,100,False,True,0,1,1
8.0,1,90,hankel,0.000001,-216.57962793648905717,8,100,False,True,0,1,1
8.0,-1,90,hankel,0.000001,-270.21306307697825331,9,100,True,True,0,-1,1
8.0,-1,90,hankel,0.000001,-329.8714706509508713,10,100,True,True,0,-1,1
8.0,1,90,hankel,0.000001,-395.58308496825725752,11,100,True,True,0,1,1
8.0,1,90,hankel,0.000001,-467.36944318211757137,12,100,True,True,0,1,1
8.0,1,90,hankel,0.000001,-3.143952209452132194,0,100,False,True,1,1,1
8.0,-1,90,hankel,0.000001,-12.056162146490604235,1,100,False,True,1,-1,1
8.0,-1,90,hankel,0.000001,-26.791370421238267505,2,100,False,True,1,-1,1
8.0,1,90,hankel,0.000001,-47.365066101241897065,3,100,False,True,1,1,1
8.0,1,90,hankel,0.000001,-73.820571517649442229,4,100,False,True,1,1,1
8.0,-1,90,hankel,0.000001,-106.18151386040377162,5,100,False,True,1,-1,1
8.0,-1,90,hankel,0.000001,-144.48509444778153769,6,100,False,True,1,-1,1
8.0,1,90,hankel,0.000001,-188.75608924678441422,7,100,False,True,1,1,1
8.0,1,90,hankel,0.000001,-239.02362429661355763,8,100,False,True,1,1,1
8.0,-1,90,hankel,0.000001,-295.31389014693413003,9,100,True,True,1,-1,1
8.0,-1,90,hankel,0.000001,-357.64988090803859618,10,100,True,True,1,-1,1
8.0,1,90,hankel,0.000001,-426.05640998246998798,11,100,True,True,1,1,1
8.0,1,90,hankel,0.000001,-500.55470232234786698,12,100,True,True,1,1,1
8.0,1,90,hankel,0.000001,-5.4136517626201950354,0,100,False,True,2,1,1
8.0,-1,90,hankel,0.000001,-16.707698780275001474,1,100,False,True,2,-1,1
8.0,-1,90,hankel,0.000001,-33.883542544654693616,2,100,False,True,2,-1,1
8.0,1,90,hankel,0.000001,-56.948396444326053416,3,100,False,True,2,1,1
8.0,1,90,hankel,0.000001,-85.93148908258734022,4,100,False,True,2,1,1
8.0,-1,90,hankel,0.000001,-120.85497713737186338,5,100,False,True,2,-1,1
8.0,-1,90,hankel,0.000001,-161.74843281853274055,6,100,False,True,2,-1,1
8.0,1,90,hankel,0.000001,-208.63561215306909864,7,100,False,True,2,1,1
8.0,1,90,hankel,0.000001,-261.5422928563997234,8,100,True,True,2,1,1
8.0,-1,90,hankel,0.000001,-320.49234887756357284,9,100,True,True,2,-1,1
8.0,-1,90,hankel,0.000001,-385.50796995818804929,10,100,True,True,2,-1,1
8.0,1,90,hankel,0.000001,-456.61167939963957018,11,100,True,True,2,1,1
8.0,1,90,hankel,0.000001,-533.82394135132213057,12,100,True,True,2,1,1
8.0,1,90,hankel,0.000001,-7.7097798418882777448,0,100,False,True,3,1,1
8.0,-1,90,hankel,0.000001,-21.396431471225944821,1,100,False,True,3,-1,1
8.0,-1,90,hankel,0.000001,-41.022097454703003867,2,100,False,True,3,-1,1
8.0,1,90,hankel,0.000001,-66.58393653725355146,3,100,False,True,3,1,1
8.0,1,90,hankel,0.000001,-98.100486916922617113,4,100,False,True,3,1,1
8.0,-1,90,hankel,0.000001,-135.59050133624182228,5,100,False,True,3,-1,1
8.0,-1,90,hankel,0.000001,-179.07795159783355639,6,100,False,True,3,-1,1
8.0,1,90,hankel,0.000001,-228.58458901649856931,7,100,False,True,3,1,1
8.0,1,90,hankel,0.000001,-284.13333412181792061,8,100,True,True,3,1,1
8.0,-1,90,hankel,0.000001,-345.74602779806235832,9,100,True,True,3,-1,1
8.0,-1,90,hankel,0.000001,-413.44359000983701888,10,100,True,True,3,-1,1
8.0,1,90,hankel,0.000001,-487.24677647711054389,11,100,True,True,3,1,1
8.0,1,90,hankel,0.000001,-567.17508854660649511,12,100,True,True,3,1,1
8.0,1,90,hankel,0.000001,-10.028873500443864102,0,100,False,True,4,1,1
8.0,-1,90,hankel,0.000001,-26.119462043678132137,1,100,False,True,4,-1,1
8.0,-1,90,hankel,0.000001,-48.203858426195995184,2,100,False,True,4,-1,1
8.0,1,90,hankel,0.000001,-76.269003152335055889,3,100,False,True,4,1,1
8.0,1,90,hankel,0.000001,-110.32470460814158443,4,100,False,True,4,1,1
8.0,-1,90,hankel,0.000001,-150.38560532077671813,5,100,False,True,4,-1,1
8.0,-1,90,hankel,0.000001,-196.47113742776333301,6,100,False,True,4,-1,1
8.0,1,90,hankel,0.000001,-248.60065379464739204,7,100,False,True,4,1,1
8.0,1,90,hankel,0.000001,-306.79452980186434267,8,100,True,True,4,1,1
8.0,-1,90,hankel,0.000001,-371.0727078420328288,9,100,True,True,4,-1,1
8.0,-1,90,hankel,0.000001,-441.45467843374862401,10,100,True,True,4,-1,1
8.0,1,90,hankel,0.000001,-517.95968480161966298,11,100,True,True,4,1,1
8.0,1,90,hankel,0.000001,-600.60618390302964339,12,100,True,True,4,1,1
8.0,1,90,hankel,0.000001,-12.368349360235894593,0,100,False,True,5,1,1
8.0,-1,90,hankel,0.000001,-30.874265085615799211,1,100,False,True,5,-1,1
8.0,-1,90,hankel,0.000001,-55.42611325628132329,2,100,False,True,5,-1,1
8.0,1,90,hankel,0.000001,-86.001113297371128623,3,100,False,True,5,1,1
8.0,1,90,hankel,0.000001,-122.60160319004628015,4,100,False,True,5,1,1
8.0,-1,90,hankel,0.000001,-165.23795582034742876,5,100,False,True,5,-1,1
8.0,-1,90,hankel,0.000001,-213.92567533912068162,6,100,False,True,5,-1,1
8.0,1,90,hankel,0.000001,-268.68159983249288801,7,100,True,True,5,1,1
8.0,1,90,hankel,0.000001,-329.52377021698977492,8,100,True,True,5,1,1
8.0,-1,90,hankel,0.000001,-396.47031650754953594,9,100,True,True,5,-1,1
8.0,-1,90,hankel,0.000001,-469.53926550805386856,10,100,True,True,5,-1,1
8.0,1,90,hankel,0.000001,-548.7484846336345572,11,100,True,True,5,1,1
8.0,1,90,hankel,0.000001,-634.1153635601689283,12,100,True,True,5,1,1
8.0,1,90,hankel,0.000001,-14.726198005130761929,0,100,False,True,6,1,1
8.0,-1,90,hankel,0.000001,-35.658645726888419632,1,100,False,True,6,-1,1
8.0,-1,90,hankel,0.000001,-62.686499982318198689,2,100,False,True,6,-1,1
8.0,1,90,hankel,0.000001,-95.777994738800966153,3,100,False,True,6,1,1
8.0,1,90,hankel,0.000001,-134.92889148799144009,4,100,False,True,6,1,1
8.0,-1,90,hankel,0.000001,-180.14537578426385686,5,100,False,True,6,-1,1
8.0,-1,90,hankel,0.000001,-231.43942019034302149,6,100,False,True,6,-1,1
8.0,1,90,hankel,0.000001,-288.82536081260887311,7,100,True,True,6,1,1
8.0,1,90,hankel,0.000001,-352.31905895614169291,8,100,True,True,6,1,1
8.0,-1,90,hankel,0.000001,-421.9369035087997761,9,100,True,True,6,-1,1
8.0,-1,90,hankel,0.000001,-497.69547449888142107,10,100,True,True,6,-1,1
8.0,1,90,hankel,0.000001,-579.61134732366838936,11,100,True,True,6,1,1
8.0,1,90,hankel,0.000001,-667.70084991219287469,12,100,True,True,6,1,1
8.0,1,90,hankel,0.000001,-17.100806424670162338,0,100,False,True,7,1,1
8.0,-1,90,hankel,0.000001,-40.470690347593995475,1,100,False,True,7,-1,1
8.0,-1,90,hankel,0.000001,-69.982934603839239419,2,100,False,True,7,-1,1
8.0,1,90,hankel,0.000001,-105.59757444514771669,3,100,False,True,7,1,1
8.0,1,90,hankel,0.000001,-147.30448167921684361,4,100,False,True,7,1,1
8.0,-1,90,hankel,0.000001,-195.10583905740013175,5,100,False,True,7,-1,1
8.0,-1,90,hankel,0.000001,-249.01037572955409726,6,100,False,True,7,-1,1
8.0,1,90,hankel,0.000001,-309.02999724999009339,7,100,True,True,7,1,1
8.0,1,90,hankel,0.000001,-375.17850916647501252,8,100,True,True,7,1,1
8.0,-1,90,hankel,0.000001,-447.47062598323649271,9,100,True,True,7,-1,1
8.0,-1,90,hankel,0.000001,-525.92151836026481243,10,100,True,True,7,-1,1
8.0,1,90,hankel,0.000001,-610.54652946061500743,11,100,True,True,7,1,1
8.0,1,90,hankel,0.000001,-701.36094457291744233,12,100,True,True,7,1,1
8.0,1,90,hankel,0.000001,-19.490847653454459315,0,100,False,True,8,1,1
8.0,-1,90,hankel,0.000001,-45.308721347656180241,1,100,False,True,8,-1,1
8.0,-1,90,hankel,0.000001,-77.313560960744394674,2,100,False,True,8,-1,1
8.0,1,90,hankel,0.000001,-115.45796015002693606,3,100,False,True,8,1,1
8.0,1,90,hankel,0.000001,-159.72645915533737104,4,100,False,True,8,1,1
8.0,-1,90,hankel,0.000001,-210.11746001307956378,5,100,False,True,8,-1,1
8.0,-1,90,hankel,0.000001,-266.63667833721651152,6,100,True,True,8,-1,1
8.0,1,90,hankel,0.000001,-329.29368545413329623,7,100,True,True,8,1,1
8.0,1,90,hankel,0.000001,-398.10033706656514441,8,100,True,True,8,1,1
8.0,-1,90,hankel,0.000001,-473.06973816887916407,9,100,True,True,8,-1,1
8.0,-1,90,hankel,0.000001,-554.21569509427367578,10,100,True,True,8,-1,1
8.0,1,90,hankel,0.000001,-641.55236730086594992,11,100,True,True,8,1,1
8.0,1,90,hankel,0.000001,-735.09402281590686858,12,100,True,True,8,1,1
8.0,1,90,hankel,0.0001,-0.90559757385685605638,0,100,False,True,0,1,1
8.0,-1,90,hankel,0.0001,-7.4450890287275207174,1,100,False,True,0,-1,1
8.0,-1,90,hankel,0.0001,-19.749415588836440155,2,100,False,True,0,-1,1
8.0,1,90,hankel,0.0001,-37.836740698895436078,3,100,False,True,0,1,1
8.0,1,90,hankel,0.0001,-61.771027492973284183,4,100,False,True,0,1,1
8.0,-1,90,hankel,0.0001,-91.57266164728793947,5,100,False,True,0,-1,1
8.0,-1,90,hankel,0.0001,-127.29064015315259256,6,100,False,True,0,-1,1
8.0,1,90,hankel,0.0001,-168.94851761086394473,7,100,False,True,0,1,1
8.0,1,90,hankel,0.0001,-216.5795523318092502,8,100,False,True,0,1,1
8.0,-1,90,hankel,0.0001,-270.21297266653654527,9,100,True,True,0,-1,1
8.0,-1,90,hankel,0.0001,-329.87136456967247393,10,100,True,True,0,-1,1
8.0,1,90,hankel,0.0001,-395.58296235529554059,11,100,True,True,0,1,1
8.0,1,90,hankel,0.0001,-467.36930324819485512,12,100,True,True,0,1,1
8.0,1,90,hankel,0.0001,-3.1439508231062492597,0,100,False,True,1,1,1
8.0,-1,90,hankel,0.0001,-12.05615660398418057,1,100,False,True,1,-1,1
8.0,-1,90,hankel,0.0001,-26.791358624790820949,2,100,False,True,1,-1,1
8.0,1,90,hankel,0.0001,-47.365046368451651137,3,100,False,True,1,1,1
8.0,1,90,hankel,0.0001,-73.820542338773066373,4,100,False,True,1,1,1
8.0,-1,90,hankel,0.0001,-106.18147395175886812,5,100,False,True,1,-1,1
8.0,-1,90,hankel,0.0001,-144.48504259665473932,6,100,False,True,1,-1,1
8.0,1,90,hankel,0.0001,-188.75602438057759134,7,100,False,True,1,1,1
8.0,1,90,hankel,0.0001,-239.02354540587027415,8,100,False,True,1,1,1
8.0,-1,90,hankel,0.0001,-295.3137962861634968,9,100,True,True,1,-1,1
8.0,-1,90,hankel,0.0001,-357.64977120908568695,10,100,True,True,1,-1,1
8.0,1,90,hankel,0.0001,-426.05628360550366061,11,100,True,True,1,1,1
8.0,1,90,hankel,0.0001,-500.55455848445890843,12,100,True,True,1,1,1
8.0,1,90,hankel,0.0001,-5.4136495884587847693,0,100,False,True,2,1,1
8.0,-1,90,hankel,0.0001,-16.70769193443623067,1,100,False,True,2,-1,1
8.0,-1,90,hankel,0.0001,-33.883529050639592067,2,100,False,True,2,-1,1
8.0,1,90,hankel,0.0001,-56.948374675128032792,3,100,False,True,2,1,1
8.0,1,90,hankel,0.0001,-85.931457588768865678,4,100,False,True,2,1,1
8.0,-1,90,hankel,0.0001,-120.85493465438823507,5,100,False,True,2,-1,1
8.0,-1,90,hankel,0.0001,-161.74837817204507217,6,100,False,True,2,-1,1
8.0,1,90,hankel,0.0001,-208.63554428392026081,7,100,False,True,2,1,1
8.0,1,90,hankel,0.0001,-261.54221077304007232,8,100,True,True,2,1,1
8.0,-1,90,hankel,0.0001,-320.49225165318961342,9,100,True,True,2,-1,1
8.0,-1,90,hankel,0.0001,-385.50785673005111615,10,100,True,True,2,-1,1
8.0,1,90,hankel,0.0001,-456.61154934342001562,11,100,True,True,2,1,1
8.0,1,90,hankel,0.0001,-533.82379369166171499,12,100,True,True,2,1,1
8.0,1,90,hankel,0.0001,-7.7097769548389092984,0,100,False,True,3,1,1
8.0,-1,90,hankel,0.0001,-21.396423410745191069,1,100,False,True,3,-1,1
8.0,-1,90,hankel,0.0001,-41.022082353880672407,2,100,False,True,3,-1,1
8.0,1,90,hankel,0.0001,-66.583912826343322575,3,100,False,True,3,1,1
8.0,1,90,hankel,0.0001,-98.10045319858303235,4,100,False,True,3,1,1
8.0,-1,90,hankel,0.0001,-135.59045637162610593,5,100,False,True,3,-1,1
8.0,-1,90,hankel,0.0001,-179.07789424451995647,6,100,False,True,3,-1,1
8.0,1,90,hankel,0.0001,-228.58451823211718189,7,100,False,True,3,1,1
8.0,1,90,hankel,0.0001,-284.13324893259807961,8,100,True,True,3,1,1
8.0,-1,90,hankel,0.0001,-345.74592729318253691,9,100,True,True,3,-1,1
8.0,-1,90,hankel,0.0001,-413.44347333569372719,10,100,True,True,3,-1,1
8.0,1,90,hankel,0.0001,-487.24664282227068312,11,100,True,True,3,1,1
8.0,1,90,hankel,0.0001,-567.17493714398051258,12,100,True,True,3,1,1
8.0,1,90,hankel,0.0001,-10.028869958705668667,0,100,False,True,4,1,1
8.0,-1,90,hankel,0.0001,-26.119452843729373325,1,100,False,True,4,-1,1
8.0,-1,90,hankel,0.0001,-48.203841798849229689,2,100,False,True,4,-1,1
8.0,1,90,hankel,0.0001,-76.268977584190656737,3,100,False,True,4,1,1
8.0,1,90,hankel,0.0001,-110.32466874859134155,4,100,False,True,4,1,1
8.0,-1,90,hankel,0.0001,-150.38555795934446554,5,100,False,True,4,-1,1
8.0,-1,90,hankel,0.0001,-196.47107745035058628,6,100,False,True,4,-1,1
8.0,1,90,hankel,0.0001,-248.60058017722166989,7,100,False,True,4,1,1
8.0,1,90,hankel,0.0001,-306.79444158801849122,8,100,True,True,4,1,1
8.0,-1,90,hankel,0.0001,-371.07260413576331106,9,100,True,True,4,-1,1
8.0,-1,90,hankel,0.0001,-441.45455839220830488,10,100,True,True,4,-1,1
8.0,1,90,hankel,0.0001,-517.95954762498399312,11,100,True,True,4,1,1
8.0,1,90,hankel,0.0001,-600.60602883287771652,12,100,True,True,4,1,1
8.0,1,90,hankel,0.0001,-12.368345210754456164,0,100,False,True,5,1,1
8.0,-1,90,hankel,0.0001,-30.874254810746121815,1,100,False,True,5,-1,1
8.0,-1,90,hankel,0.0001,-55.426095173856166613,2,100,False,True,5,-1,1
8.0,1,90,hankel,0.0001,-86.00108594801280928,3,100,False,True,5,1,1
8.0,1,90,hankel,0.0001,-122.60156526600394369,4,100,False,True,5,1,1
8.0,-1,90,hankel,0.0001,-165.23790614022498801,5,100,False,True,5,-1,1
8.0,-1,90,hankel,0.0001,-213.92561281494422914,6,100,False,True,5,-1,1
8.0,1,90,hankel,0.0001,-268.68152345913134128,7,100,True,True,5,1,1
8.0,1,90,hankel,0.0001,-329.52367905494013192,8,100,True,True,5,1,1
8.0,-1,90,hankel,0.0001,-396.47020967505183871,9,100,True,True,5,-1,1
8.0,-1,90,hankel,0.0001,-469.53914217366181655,10,100,True,True,5,-1,1
8.0,1,90,hankel,0.0001,-548.74834400847742118,11,100,True,True,5,1,1
8.0,1,90,hankel,0.0001,-634.11520489468963834,12,100,True,True,5,1,1
8.0,1,90,hankel,0.0001,-14.726193286839981277,0,100,False,True,6,1,1
8.0,-1,90,hankel,0.0001,-35.658634433190903109,1,100,False,True,6,-1,1
8.0,-1,90,hankel,0.0001,-62.686480508778921935,2,100,False,True,6,-1,1
8.0,1,90,hankel,0.0001,-95.77796567711588355,3,100,False,True,6,1,1
8.0,1,90,hankel,0.0001,-134.92885157020088969,4,100,False,True,6,1,1
8.0,-1,90,hankel,0.0001,-180.14532385777357586,5,100,False,True,6,-1,1
8.0,-1,90,hankel,0.0001,-231.43935519178431386,6,100,False,True,6,-1,1
8.0,1,90,hankel,0.0001,-288.82528175578076355,7,100,True,True,6,1,1
8.0,1,90,hankel,0.0001,-352.31896491799622319,8,100,True,True,6,1,1
8.0,-1,90,hankel,0.0001,-421.93679362145745554,9,100,True,True,6,-1,1
8.0,-1,90,hankel,0.0001,-497.69534794249338183,10,100,True,True,6,-1,1
8.0,1,90,hankel,0.0001,-579.61120331994537311,11,100,True,True,6,1,1
8.0,1,90,hankel,0.0001,-667.70068772050878475,12,100,True,True,6,1,1
8.0,1,90,hankel,0.0001,-17.100801170552605785,0,100,False,True,7,1,1
8.0,-1,90,hankel,0.0001,-40.4706780843410255,1,100,False,True,7,-1,1
8.0,-1,90,hankel,0.0001,-69.982913796784717302,2,100,False,True,7,-1,1
8.0,1,90,hankel,0.0001,-105.59754373392126083,3,100,False,True,7,1,1
8.0,1,90,hankel,0.0001,-147.30443983305858748,4,100,False,True,7,1,1
8.0,-1,90,hankel,0.0001,-195.10578495175080197,5,100,False,True,7,-1,1
8.0,-1,90,hankel,0.0001,-249.01030832446526473,6,100,False,True,7,-1,1
8.0,1,90,hankel,0.0001,-309.02991557793112801,7,100,True,True,7,1,1
8.0,1,90,hankel,0.0001,-375.17841232041720037,8,100,True,True,7,1,1
8.0,-1,90,hankel,0.0001,-447.47051310888283787,9,100,True,True,7,-1,1
8.0,-1,90,hankel,0.0001,-525.92138864934704564,10,100,True,True,7,-1,1
8.0,1,90,hankel,0.0001,-610.54638214517606484,11,100,True,True,7,1,1
8.0,1,90,hankel,0.0001,-701.360778921249883,12,100,True,True,7,1,1
8.0,1,90,hankel,0.0001,-19.490841891923692743,0,100,False,True,8,1,1
8.0,-1,90,hankel,0.0001,-45.308708158539458686,1,100,False,True,8,-1,1
8.0,-1,90,hankel,0.0001,-77.31353887232712487,2,100,False,True,8,-1,1
8.0,1,90,hankel,0.0001,-115.4579278467677746,3,100,False,True,8,1,1
8.0,1,90,hankel,0.0001,-159.72641544139280586,4,100,False,True,8,1,1
8.0,-1,90,hankel,0.0001,-210.11740379092850205,5,100,False,True,8,-1,1
8.0,-1,90,hankel,0.0001,-266.63660858931626287,6,100,True,True,8,-1,1
8.0,1,90,hankel,0.0001,-329.2936012312100702,7,100,True,True,8,1,1
8.0,1,90,hankel,0.0001,-398.10023747718112861,8,100,True,True,8,1,1
8.0,-1,90,hankel,0.0001,-473.06962237203377573,9,100,True,True,8,-1,1
8.0,-1,90,hankel,0.0001,-554.21556229315674,10,100,True,True,8,-1,1
8.0,1,90,hankel,0.0001,-641.55221673765307607,11,100,True,True,8,1,1
8.0,1,90,hankel,0.0001,-735.09385376774719529,12,100,True,True,8,1,1
8.0,1,90,hankel,0.01,-0.90554789852949411892,0,100,False,True,0,1,1
8.0,-1,90,hankel,0.01,-7.444675673209643829,1,100,False,True,0,-1,1
8.0,-1,90,hankel,0.01,-19.74841595941019064,2,100,False,True,0,-1,1
8.0,1,90,hankel,0.01,-37.834981693743930678,3,100,False,True,0,1,1
8.0,1,90,hankel,0.01,-61.768350734661953599,4,100,False,True,0,1,1
8.0,-1,90,hankel,0.01,-91.568938277475184043,5,100,False,True,0,-1,1
8.0,-1,90,hankel,0.01,-127.28574383553484217,6,100,False,True,0,-1,1
8.0,1,90,hankel,0.01,-168.94234039414965572,7,100,False,True,0,1,1
8.0,1,90,hankel,0.01,-216.57199158094146711,8,100,False,True,0,1,1
8.0,-1,90,hankel,0.01,-270.20393130424301061,9,100,True,True,0,-1,1
8.0,-1,90,hankel,0.01,-329.8607560872141517,10,100,True,True,0,-1,1
8.0,1,90,hankel,0.01,-395.57070066975677491,11,100,True,True,0,1,1
8.0,1,90,hankel,0.01,-467.35530943177198278,12,100,True,True,0,1,1
8.0,1,90,hankel,0.01,-3.1438121758166299526,0,100,False,True,1,1,1
8.0,-1,90,hankel,0.01,-12.055602313128676913,1,100,False,True,1,-1,1
8.0,-1,90,hankel,0.01,-26.790178907435672313,2,100,False,True,1,-1,1
8.0,1,90,hankel,0.01,-47.363072981741532301,3,100,False,True,1,1,1
8.0,1,90,hankel,0.01,-73.817624308079221371,4,100,False,True,1,1,1
8.0,-1,90,hankel,0.01,-106.17748290744571659,5,100,False,True,1,-1,1
8.0,-1,90,hankel,0.01,-144.47985726826382028,6,100,False,True,1,-1,1
8.0,1,90,hankel,0.01,-188.74953750772287182,7,100,False,True,1,1,1
8.0,1,90,hankel,0.01,-239.01565604328417684,8,100,False,True,1,1,1
8.0,-1,90,hankel,0.01,-295.30440988549029825,9,100,True,True,1,-1,1
8.0,-1,90,hankel,0.01,-357.63880095443419448,10,100,True,True,1,-1,1
8.0,1,90,hankel,0.01,-426.0436455148001711,11,100,True,True,1,1,1
8.0,1,90,hankel,0.01,-500.54017426692184827,12,100,True,True,1,1,1
8.0,1,90,hankel,0.01,-5.413432154293392143,0,100,False,True,2,1,1
8.0,-1,90,hankel,0.01,-16.707007304013312668,1,100,False,True,2,-1,1
8.0,-1,90,hankel,0.01,-33.882179570016952946,2,100,False,True,2,-1,1
8.0,1,90,hankel,0.01,-56.946197641379224293,3,100,False,True,2,1,1
8.0,1,90,hankel,0.01,-85.92830805764949433,4,100,False,True,2,1,1
8.0,-1,90,hankel,0.01,-120.85068617049865767,5,100,False,True,2,-1,1
8.0,-1,90,hankel,0.01,-161.74291330194164344,6,100,False,True,2,-1,1
8.0,1,90,hankel,0.01,-208.62875711161656452,7,100,False,True,2,1,1
8.0,1,90,hankel,0.01,-261.53400214390683076,8,100,True,True,2,1,1
8.0,-1,90,hankel,0.01,-320.48252888734195845,9,100,True,True,2,-1,1
8.0,-1,90,hankel,0.01,-385.49653355261675437,10,100,True,True,2,-1,1
8.0,1,90,hankel,0.01,-456.59854332312412129,11,100,True,True,2,1,1
8.0,1,90,hankel,0.01,-533.80902729292033668,12,100,True,True,2,1,1
8.0,1,90,hankel,0.01,-7.7094882279218685076,0,100,False,True,3,1,1
8.0,-1,90,hankel,0.01,-21.395617311039782187,1,100,False,True,3,-1,1
8.0,-1,90,hankel,0.01,-41.020572187101681802,2,100,False,True,3,-1,1
8.0,1,90,hankel,0.01,-66.581541615995843136,3,100,False,True,3,1,1
8.0,1,90,hankel,0.01,-98.09708120998288825,4,100,False,True,3,1,1
8.0,-1,90,hankel,0.01,-135.58595971946667052,5,100,False,True,3,-1,1
8.0,-1,90,hankel,0.01,-179.07215868685708631,6,100,False,True,3,-1,1
8.0,1,90,hankel,0.01,-228.5774395318679242,7,100,False,True,3,1,1
8.0,1,90,hankel,0.01,-284.12472971299396367,8,100,True,True,3,1,1
8.0,-1,90,hankel,0.01,-345.73587647242635725,9,100,True,True,3,-1,1
8.0,-1,90,hankel,0.01,-413.43180555361053907,10,100,True,True,3,-1,1
8.0,1,90,hankel,0.01,-487.23327693606711444,11,100,True,True,3,1,1
8.0,1,90,hankel,0.01,-567.15979644499710701,12,100,True,True,3,1,1
8.0,1,90,hankel,0.01,-10.028515759855282246,0,100,False,True,4,1,1
8.0,-1,90,hankel,0.01,-26.11853279307728876,1,100,False,True,4,-1,1
8.0,-1,90,hankel,0.01,-48.202178975051011251,2,100,False,True,4,-1,1
8.0,1,90,hankel,0.01,-76.266420645787437824,3,100,False,True,4,1,1
8.0,1,90,hankel,0.01,-110.3210826342596536,4,100,False,True,4,1,1
8.0,-1,90,hankel,0.01,-150.38082162104472648,5,100,False,True,4,-1,1
8.0,-1,90,hankel,0.01,-196.46507947837279079,6,100,False,True,4,-1,1
8.0,1,90,hankel,0.01,-248.59321816833868364,7,100,False,True,4,1,1
8.0,1,90,hankel,0.01,-306.78561990179216228,8,100,True,True,4,1,1
8.0,-1,90,hankel,0.01,-371.06223317215524691,9,100,True,True,4,-1,1
8.0,-1,90,hankel,0.01,-441.44255386676283813,10,100,True,True,4,-1,1
8.0,1,90,hankel,0.01,-517.94582955567775056,11,100,True,True,4,1,1
8.0,1,90,hankel,0.01,-600.59052137794651032,12,100,True,True,4,1,1
8.0,1,90,hankel,0.01,-12.367930235163507261,0,100,False,True,5,1,1
8.0,-1,90,hankel,0.01,-30.873227264576230791,1,100,False,True,5,-1,1
8.0,-1,90,hankel,0.01,-55.424286838337478408,2,100,False,True,5,-1,1
8.0,1,90,hankel,0.01,-85.998350884201215454,3,100,False,True,5,1,1
8.0,1,90,hankel,0.01,-122.59777269839021416,4,100,False,True,5,1,1
8.0,-1,90,hankel,0.01,-165.23293792892882339,5,100,False,True,5,-1,1
8.0,-1,90,hankel,0.01,-213.91936016268654574,6,100,False,True,5,-1,1
8.0,1,90,hankel,0.01,-268.67388585290117298,7,100,True,True,5,1,1
8.0,1,90,hankel,0.01,-329.51456254470836325,8,100,True,True,5,1,1
8.0,-1,90,hankel,0.01,-396.45952608512790068,9,100,True,True,5,-1,1
8.0,-1,90,hankel,0.01,-469.52680835971459323,10,100,True,True,5,-1,1
8.0,1,90,hankel,0.01,-548.73428108382511731,11,100,True,True,5,1,1
8.0,1,90,hankel,0.01,-634.09933790396874382,12,100,True,True,5,1,1
8.0,1,90,hankel,0.01,-14.72572142836222629,0,100,False,True,6,1,1
8.0,-1,90,hankel,0.01,-35.657505001375155945,1,100,False,True,6,-1,1
8.0,-1,90,hankel,0.01,-62.684533058534854661,2,100,False,True,6,-1,1
8.0,1,90,hankel,0.01,-95.775059377138528323,3,100,False,True,6,1,1
8.0,1,90,hankel,0.01,-134.92485962419768543,4,100,False,True,6,1,1
8.0,-1,90,hankel,0.01,-180.14013100616527148,5,100,False,True,6,-1,1
8.0,-1,90,hankel,0.01,-231.43285509782106536,6,100,False,True,6,-1,1
8.0,1,90,hankel,0.01,-288.81737579951814656,7,100,True,True,6,1,1
8.0,1,90,hankel,0.01,-352.30956079491392389,8,100,True,True,6,1,1
8.0,-1,90,hankel,0.01,-421.92580454391484611,9,100,True,True,6,-1,1
8.0,-1,90,hankel,0.01,-497.68269192592510449,10,100,True,True,6,-1,1
8.0,1,90,hankel,0.01,-579.59680253579891353,11,100,True,True,6,1,1
8.0,1,90,hankel,0.01,-667.68446810652803933,12,100,True,True,6,1,1
8.0,1,90,hankel,0.01,-17.100275727794702929,0,100,False,True,7,1,1
8.0,-1,90,hankel,0.01,-40.469451694567381681,1,100,False,True,7,-1,1
8.0,-1,90,hankel,0.01,-69.980832992171822225,2,100,False,True,7,-1,1
8.0,1,90,hankel,0.01,-105.59447247676562955,3,100,False,True,7,1,1
8.0,1,90,hankel,0.01,-147.30025504714966216,4,100,False,True,7,1,1
8.0,-1,90,hankel,0.01,-195.10037418110599498,5,100,False,True,7,-1,1
8.0,-1,90,hankel,0.01,-249.00356757438724285,6,100,False,True,7,-1,1
8.0,1,90,hankel,0.01,-309.02174809555435942,7,100,True,True,7,1,1
8.0,1,90,hankel,0.01,-375.16872740315696517,8,100,True,True,7,1,1
8.0,-1,90,hankel,0.01,-447.45922532735714849,9,100,True,True,7,-1,1
8.0,-1,90,hankel,0.01,-525.90841717706503114,10,100,True,True,7,-1,1
8.0,1,90,hankel,0.01,-610.53165018679850292,11,100,True,True,7,1,1
8.0,1,90,hankel,0.01,-701.34421330639298827,12,100,True,True,7,1,1
8.0,1,90,hankel,0.01,-19.490265706513304093,0,100,False,True,8,1,1
8.0,-1,90,hankel,0.01,-45.307389180341614887,1,100,False,True,8,-1,1
8.0,-1,90,hankel,0.01,-77.311329928986176052,2,100,False,True,8,-1,1
8.0,1,90,hankel,0.01,-115.45469738368435485,3,100,False,True,8,1,1
8.0,1,90,hankel,0.01,-159.72204387409186129,4,100,False,True,8,1,1
8.0,-1,90,hankel,0.01,-210.11178136732885968,5,100,False,True,8,-1,1
8.0,-1,90,hankel,0.01,-266.62963355532851046,6,100,True,True,8,-1,1
8.0,1,90,hankel,0.01,-329.28517865969028909,7,100,True,True,8,1,1
8.0,1,90,hankel,0.01,-398.09027822464983154,8,100,True,True,8,1,1
8.0,-1,90,hankel,0.01,-473.05804233876211388,9,100,True,True,8,-1,1
8.0,-1,90,hankel,0.01,-554.20228179847472844,10,100,True,True,8,-1,1
8.0,1,90,hankel,0.01,-641.53715999948876158,11,100,True,True,8,1,1
8.0,1,90,hankel,0.01,-735.07694850138004291,12,100,True,True,8,1,1
8.0,1,90,hankel,0.1,-0.90509583730145494324,0,100,False,True,0,1,1
8.0,-1,90,hankel,0.1,-7.4409149702314911862,1,100,False,True,0,-1,1
8.0,-1,90,hankel,0.1,-19.739322532568149842,2,100,False,True,0,-1,1
8.0,1,90,hankel,0.1,-37.818981617367799046,3,100,False,True,0,1,1
8.0,1,90,hankel,0.1,-61.744004226876497824,4,100,False,True,0,1,1
8.0,-1,90,hankel,0.1,-91.535073704012273484,5,100,False,True,0,-1,1
8.0,-1,90,hankel,0.1,-127.24121283875729055,6,100,False,True,0,-1,1
8.0,1,90,hankel,0.1,-168.88616150167300677,7,100,False,True,0,1,1
8.0,1,90,hankel,0.1,-216.50323178003930741,8,100,False,True,0,1,1
8.0,-1,90,hankel,0.1,-270.12170819850504334,9,100,True,True,0,-1,1
8.0,-1,90,hankel,0.1,-329.76428311969536192,10,100,True,True,0,-1,1
8.0,1,90,hankel,0.1,-395.45919542676184555,11,100,True,True,0,1,1
8.0,1,90,hankel,0.1,-467.22805438479267777,12,100,True,True,0,1,1
8.0,1,90,hankel,0.1,-3.1425505910587817554,0,100,False,True,1,1,1
8.0,-1,90,hankel,0.1,-12.050559650064161807,1,100,False,True,1,-1,1
8.0,-1,90,hankel,0.1,-26.779447605054251245,2,100,False,True,1,-1,1
8.0,1,90,hankel,0.1,-47.345123316603367057,3,100,False,True,1,1,1
8.0,1,90,hankel,0.1,-73.791083756834608042,4,100,False,True,1,1,1
8.0,-1,90,hankel,0.1,-106.14118434691839269,5,100,False,True,1,-1,1
8.0,-1,90,hankel,0.1,-144.43269831944962115,6,100,False,True,1,-1,1
8.0,1,90,hankel,0.1,-188.69054302439507826,7,100,False,True,1,1,1
8.0,1,90,hankel,0.1,-238.94390837539276759,8,100,False,True,1,1,1
8.0,-1,90,hankel,0.1,-295.21904956904256803,9,100,True,True,1,-1,1
8.0,-1,90,hankel,0.1,-357.53903871816554255,10,100,True,True,1,-1,1
8.0,1,90,hankel,0.1,-425.92871797961442007,11,100,True,True,1,1,1
8.0,1,90,hankel,0.1,-500.40936971127390784,12,100,True,True,1,1,1
8.0,1,90,hankel,0.1,-5.4114538414469611938,0,100,False,True,2,1,1
8.0,-1,90,hankel,0.1,-16.700779160449515953,1,100,False,True,2,-1,1
8.0,-1,90,hankel,0.1,-33.869904374580258104,2,100,False,True,2,-1,1
8.0,1,90,hankel,0.1,-56.926396070836929297,3,100,False,True,2,1,1
8.0,1,90,hankel,0.1,-85.899662392594459266,4,100,False,True,2,1,1
8.0,-1,90,hankel,0.1,-120.81204673217454942,5,100,False,True,2,-1,1
8.0,-1,90,hankel,0.1,-161.69321255400637191,6,100,False,True,2,-1,1
8.0,1,90,hankel,0.1,-208.56703215680393324,7,100,False,True,2,1,1
8.0,1,90,hankel,0.1,-261.45935160697470945,8,100,True,True,2,1,1
8.0,-1,90,hankel,0.1,-320.39411026608296299,9,100,True,True,2,-1,1
8.0,-1,90,hankel,0.1,-385.3935625296589288,10,100,True,True,2,-1,1
8.0,1,90,hankel,0.1,-456.48027058582235222,11,100,True,True,2,1,1
8.0,1,90,hankel,0.1,-533.67474799422311498,12,100,True,True,2,1,1
8.0,1,90,hankel,0.1,-7.7068614397311973938,0,100,False,True,3,1,1
8.0,-1,90,hankel,0.1,-21.388284439431614479,1,100,False,True,3,-1,1
8.0,-1,90,hankel,0.1,-41.006835714930869071,2,100,False,True,3,-1,1
8.0,1,90,hankel,0.1,-66.559974315238206713,3,100,False,True,3,1,1
8.0,1,90,hankel,0.1,-98.066412716564498861,4,100,False,True,3,1,1
8.0,-1,90,hankel,0.1,-135.54506374637381054,5,100,False,True,3,-1,1
8.0,-1,90,hankel,0.1,-179.01999669198620808,6,100,False,True,3,-1,1
8.0,1,90,hankel,0.1,-228.51306389710228339,7,100,False,True,3,1,1
8.0,1,90,hankel,0.1,-284.047255222108273,8,100,True,True,3,1,1
8.0,-1,90,hankel,0.1,-345.64447514140053556,9,100,True,True,3,-1,1
8.0,-1,90,hankel,0.1,-413.32570139676660531,10,100,True,True,3,-1,1
8.0,1,90,hankel,0.1,-487.11173233853547908,11,100,True,True,3,1,1
8.0,1,90,hankel,0.1,-567.02211408226223172,12,100,True,True,3,1,1
8.0,1,90,hankel,0.1,-10.02529349514849495,0,100,False,True,4,1,1
8.0,-1,90,hankel,0.1,-26.110163627192072389,1,100,False,True,4,-1,1
8.0,-1,90,hankel,0.1,-48.187054296233583988,2,100,False,True,4,-1,1
8.0,1,90,hankel,0.1,-76.243164486914888264,3,100,False,True,4,1,1
8.0,1,90,hankel,0.1,-110.28846711961570286,4,100,False,True,4,1,1
8.0,-1,90,hankel,0.1,-150.33774627564178107,5,100,False,True,4,-1,1
8.0,-1,90,hankel,0.1,-196.41053149929970289,6,100,False,True,4,-1,1
8.0,1,90,hankel,0.1,-248.52626661918297401,7,100,False,True,4,1,1
8.0,1,90,hankel,0.1,-306.70539534925542362,8,100,True,True,4,1,1
8.0,-1,90,hankel,0.1,-370.96792109911635409,9,100,True,True,4,-1,1
8.0,-1,90,hankel,0.1,-441.33338807438851069,10,100,True,True,4,-1,1
8.0,1,90,hankel,0.1,-517.82108297386759744,11,100,True,True,4,1,1
8.0,1,90,hankel,0.1,-600.44950456581714181,12,100,True,True,4,1,1
8.0,1,90,hankel,0.1,-12.364155235174934977,0,100,False,True,5,1,1
8.0,-1,90,hankel,0.1,-30.86388055558367132,1,100,False,True,5,-1,1
8.0,-1,90,hankel,0.1,-55.407838973240119386,2,100,False,True,5,-1,1
8.0,1,90,hankel,0.1,-85.973475038737960632,3,100,False,True,5,1,1
8.0,1,90,hankel,0.1,-122.56327996593940645,4,100,False,True,5,1,1
8.0,-1,90,hankel,0.1,-165.18775428604806927,5,100,False,True,5,-1,1
8.0,-1,90,hankel,0.1,-213.8624965534161713,6,100,False,True,5,-1,1
8.0,1,90,hankel,0.1,-268.60442853152536049,7,100,True,True,5,1,1
8.0,1,90,hankel,0.1,-329.43165744472804875,8,100,True,True,5,1,1
8.0,-1,90,hankel,0.1,-396.3623716371273369,9,100,True,True,5,-1,1
8.0,-1,90,hankel,0.1,-469.41464873334585961,10,100,True,True,5,-1,1
8.0,1,90,hankel,0.1,-548.60639916298107393,11,100,True,True,5,1,1
8.0,1,90,hankel,0.1,-633.95505230749260998,12,100,True,True,5,1,1
8.0,1,90,hankel,0.1,-14.72142913390131644,0,100,False,True,6,1,1
8.0,-1,90,hankel,0.1,-35.647231799360153442,1,100,False,True,6,-1,1
8.0,-1,90,hankel,0.1,-62.666820213264006222,2,100,False,True,6,-1,1
8.0,1,90,hankel,0.1,-95.74862652243535819,3,100,False,True,6,1,1
8.0,1,90,hankel,0.1,-134.88855403698536588,4,100,False,True,6,1,1
8.0,-1,90,hankel,0.1,-180.09290485831734402,5,100,False,True,6,-1,1
8.0,-1,90,hankel,0.1,-231.37374170256691667,6,100,False,True,6,-1,1
8.0,1,90,hankel,0.1,-288.74547862589755499,7,100,True,True,6,1,1
8.0,1,90,hankel,0.1,-352.2240407360022917,8,100,True,True,6,1,1
8.0,-1,90,hankel,0.1,-421.82587264922477378,9,100,True,True,6,-1,1
8.0,-1,90,hankel,0.1,-497.56760291046833662,10,100,True,True,6,-1,1
8.0,1,90,hankel,0.1,-579.46584890121497711,11,100,True,True,6,1,1
8.0,1,90,hankel,0.1,-667.53697659172866932,12,100,True,True,6,1,1
8.0,1,90,hankel,0.1,-17.095496157999829414,0,100,False,True,7,1,1
8.0,-1,90,hankel,0.1,-40.458296837522952278,1,100,False,True,7,-1,1
8.0,-1,90,hankel,0.1,-69.961907576220864021,2,100,False,True,7,-1,1
8.0,1,90,hankel,0.1,-105.56653973527001303,3,100,False,True,7,1,1
8.0,1,90,hankel,0.1,-147.26219608526429941,4,100,False,True,7,1,1
8.0,-1,90,hankel,0.1,-195.05116666681419322,5,100,False,True,7,-1,1
8.0,-1,90,hankel,0.1,-248.94226611465185651,6,100,False,True,7,-1,1
8.0,1,90,hankel,0.1,-308.94747313688352613,7,100,True,True,7,1,1
8.0,1,90,hankel,0.1,-375.08065440269147939,8,100,True,True,7,1,1
8.0,-1,90,hankel,0.1,-447.35657768324722879,9,100,True,True,7,-1,1
8.0,-1,90,hankel,0.1,-525.7904601335967788,10,100,True,True,7,-1,1
8.0,1,90,hankel,0.1,-610.39768563790380824,11,100,True,True,7,1,1
8.0,1,90,hankel,0.1,-701.19357609952315276,12,100,True,True,7,1,1
8.0,1,90,hankel,0.1,-19.485024718991020744,0,100,False,True,8,1,1
8.0,-1,90,hankel,0.1,-45.29539242432473353,1,100,False,True,8,-1,1
8.0,-1,90,hankel,0.1,-77.291239392790880721,2,100,False,True,8,-1,1
8.0,1,90,hankel,0.1,-115.4253170743486641,3,100,False,True,8,1,1
8.0,1,90,hankel,0.1,-159.68228664890581439,4,100,False,True,8,1,1
8.0,-1,90,hankel,0.1,-210.06064948276250001,5,100,False,True,8,-1,1
8.0,-1,90,hankel,0.1,-266.5662019906005927,6,100,True,True,8,-1,1
8.0,1,90,hankel,0.1,-329.20858446219333889,7,100,True,True,8,1,1
8.0,1,90,hankel,0.1,-397.99971102657783714,8,100,True,True,8,1,1
8.0,-1,90,hankel,0.1,-472.95273762709420994,9,100,True,True,8,-1,1
8.0,-1,90,hankel,0.1,-554.08151523508829265,10,100,True,True,8,-1,1
8.0,1,90,hankel,0.1,-641.40024268983269252,11,100,True,True,8,1,1
8.0,1,90,hankel,0.1,-734.92322334486871149,12,100,True,True,8,1,1
